Seccion,Circuito,Nombre Seccion,Nombre Circuito,Electores 2007,Electores 2011,Electores 2013,Electores 2015,Electores 2017
2,15,CALAMUCHITA,AMBOY,271,254,253,240,253
2,16,CALAMUCHITA,ATHOS PAMPA,210,169,130,151,165
2,18B,CALAMUCHITA,CALERAS DE CALAMUCHITA,210,214,214,202,210
2,25A,CALAMUCHITA,CALMAYO,106,104,104,126,132
2,16B,CALAMUCHITA,CHAMPAQUI,46,38,31,12,10
2,17,CALAMUCHITA,EMBALSE,"6,044","6,336","6,604","7,104","7,463"
2,18,CALAMUCHITA,LA CRUZ,"1,451","1,444","1,449","1,536","1,579"
2,328A,CALAMUCHITA,LA CUMBRECITA,411,465,641,762,834
2,21,CALAMUCHITA,LAS BAJADAS,338,303,286,269,278
2,19,CALAMUCHITA,LOS CONDORES,"2,563","2,696","2,722","2,833","2,945"
2,25B,CALAMUCHITA,LOS MOLINOS,255,266,288,301,309
2,20,CALAMUCHITA,LOS REARTES,710,942,"1,031","1,328","1,513"
2,18A,CALAMUCHITA,LUTTI,189,187,181,157,157
2,22,CALAMUCHITA,RIO DE LOS SAUCES,"1,090","1,061","1,062","1,109","1,142"
2,24,CALAMUCHITA,RUMIPAL,"1,861","2,041","2,176","2,439","2,662"
2,25,CALAMUCHITA,SAN AGUSTIN,"2,729","2,794","2,902","3,066","3,165"
2,26B,CALAMUCHITA,SAN IGNACIO,137,126,127,130,153
2,26,CALAMUCHITA,SANTA ROSA,"8,238","9,317","10,165","11,640","12,509"
2,26A,CALAMUCHITA,SEGUNDA USINA,147,116,119,131,167
2,20B,CALAMUCHITA,VI.CIUD.PQUE.LOS REARTES,437,606,653,"1,095","1,368"
2,15A,CALAMUCHITA,VILLA AMANCAY,359,420,416,505,567
2,16C,CALAMUCHITA,VILLA BERNA,110,104,96,106,99
2,18C,CALAMUCHITA,VILLA CAÑADA DEL SAUCE,79,70,64,80,72
2,24A,CALAMUCHITA,VILLA DEL DIQUE,"2,249","2,600","2,889","3,325","3,550"
2,20A,CALAMUCHITA,VILLA GENERAL BELGRANO,"5,285","6,163","6,568","7,501","8,272"
2,16A,CALAMUCHITA,VILLA LA MERCED,69,75,55,34,101
2,18D,CALAMUCHITA,VILLA QUILLINZO,93,95,94,160,169
2,23,CALAMUCHITA,VILLA YACANTO,760,937,"1,026","1,443","1,673"
1,TODO,CAPITAL,CORDOBA,"949,161","990,289","1,045,948","1,075,606","1,109,229"
3,31A,COLON,AGUA DE ORO,"1,734","1,866","1,896","2,220","2,420"
3,27,COLON,ASCOCHINGA,"2,240","2,428","2,711","3,132","3,327"
3,28,COLON,CALERA,"12,465","14,177","15,668","17,439","18,809"
3,28A,COLON,CALERA CENTRAL,"7,141","8,555","10,290","12,301","13,522"
3,29,COLON,COLONIA CAROYA,"12,789","14,318","15,523","16,651","17,415"
3,30,COLON,COLONIA TIROLESA,"4,100","4,187","4,362","5,315","6,265"
3,33A,COLON,COLONIA VICENTE AGÜERO,216,235,292,277,269
3,31,COLON,EL MANZANO,937,931,964,"1,129","1,191"
3,32,COLON,GENERAL PAZ,"1,588","1,679","1,795","1,863","1,973"
3,33,COLON,JESUS MARIA,"23,411","26,313","27,143","28,407","29,710"
3,34,COLON,JUAREZ CELMAN,"6,317","7,344","8,007","9,863","11,360"
3,36,COLON,LA PUERTA,357,330,281,347,349
3,35,COLON,MALVINAS ARGENTINAS,"7,134","8,454","9,851","11,928","13,138"
3,40A,COLON,MENDIOLAZA,"4,147","5,487","6,903","9,937","11,529"
3,35A,COLON,MI GRANJA,598,736,763,915,"1,024"
3,37,COLON,RIO CEBALLOS,"13,511","15,306","16,338","18,297","19,465"
3,41A,COLON,SALDAN,"6,813","8,004","8,731","10,787","12,096"
3,38,COLON,SALSIPUEDES,"5,733","6,767","7,167","8,733","9,743"
3,39,COLON,SANTA TERESA,124,97,77,63,59
3,29A,COLON,TINOCO,265,262,261,263,283
3,40,COLON,UNQUILLO,"12,439","13,776","15,135","16,893","18,018"
3,41,COLON,VILLA ALLENDE,"20,172","23,028","25,958","28,954","30,499"
3,31B,COLON,VILLA CERRO AZUL,199,212,240,363,382
4,46B,CRUZ DEL EJE,ALTO DE LOS QUEBRACHOS,169,180,270,430,388
4,42,CRUZ DEL EJE,BAÑADO DE SOTO,582,576,560,711,722
4,43,CRUZ DEL EJE,CANDELARIA,125,93,75,51,40
4,54A,CRUZ DEL EJE,CANTERAS QUILPO,176,138,126,95,78
4,43C,CRUZ DEL EJE,CIENAGA DE BRITOS (DESAPARECIDO en 2017),12,7,5,6,
4,43B,CRUZ DEL EJE,CRUZ DE CAÑA,211,206,203,221,218
4,44,CRUZ DEL EJE,CRUZ DEL EJE,"21,087","22,377","24,341","25,016","26,084"
4,53B,CRUZ DEL EJE,EL ABRA,114,74,51,45,43
4,45,CRUZ DEL EJE,EL BRETE,980,924,895,"1,172","1,414"
4,46,CRUZ DEL EJE,GUANACO MUERTO,494,599,691,958,932
4,47,CRUZ DEL EJE,IGLESIA VIEJA,122,68,99,71,92
4,55A,CRUZ DEL EJE,LA BATEA,134,121,117,169,207
4,46A,CRUZ DEL EJE,LA CONCEPCION (Desaparecida en 2009 o 2011),29,,,,
4,48,CRUZ DEL EJE,LA HIGUERA,571,535,521,579,509
4,43A,CRUZ DEL EJE,LAS CAÑADAS,143,139,132,193,179
4,44A,CRUZ DEL EJE,LAS PLAYAS,485,481,483,618,754
4,50A,CRUZ DEL EJE,LOS CHAÑARITOS,546,560,614,769,802
4,53A,CRUZ DEL EJE,LOS LEONES,113,82,64,56,58
4,49,CRUZ DEL EJE,LOS SAUCES,111,104,90,82,91
4,50,CRUZ DEL EJE,MEDIA NARANJA,814,794,808,862,924
4,51,CRUZ DEL EJE,PASO VIEJO,824,855,824,978,"1,035"
4,52,CRUZ DEL EJE,PICHANAS,290,217,254,159,147
4,53,CRUZ DEL EJE,SAN ANTONIO,110,69,62,31,26
4,54,CRUZ DEL EJE,SAN MARCOS SIERRAS,"1,598","1,792","1,968","2,333","2,555"
4,51A,CRUZ DEL EJE,SANTA ANA,205,158,128,86,75
4,55,CRUZ DEL EJE,SERREZUELA,"2,269","2,307","2,565","2,662","2,675"
4,56,CRUZ DEL EJE,SOTO,"5,786","6,120","6,716","7,152","7,667"
4,57,CRUZ DEL EJE,TUCLAME,656,667,592,"1,219","1,322"
5,58,GENERAL ROCA,BRUZONE,201,227,235,240,262
5,59,GENERAL ROCA,BUCHARDO,"1,767","1,734","1,712","1,803","1,777"
5,60,GENERAL ROCA,DEL CAMPILLO,"2,863","2,916","3,117","3,214","3,192"
5,61,GENERAL ROCA,HUINCA RENANCO,"7,065","7,072","7,354","7,600","7,565"
5,62,GENERAL ROCA,ITALO,971,"1,006","1,076","1,091","1,068"
5,63,GENERAL ROCA,JOVITA,"3,623","3,962","4,119","4,281","4,398"
5,65,GENERAL ROCA,LECUEDER,33,24,22,18,19
5,66,GENERAL ROCA,MATTALDI,"1,588","1,579","1,599","1,633","1,635"
5,67,GENERAL ROCA,ONAGOITY,91,82,73,67,64
5,68,GENERAL ROCA,PINCEN,304,290,291,254,255
5,69,GENERAL ROCA,RANQUELES,66,55,55,51,45
5,70,GENERAL ROCA,VILLA HUIDOBRO,"4,536","4,644","4,878","4,969","5,029"
5,71,GENERAL ROCA,VILLA SARMIENTO,324,300,299,308,297
5,72,GENERAL ROCA,VILLA VALERIA,"2,283","2,399","2,463","2,687","2,778"
6,73,GRAL SAN MARTIN,ARROYO ALGODON,"1,060","1,124","1,145","1,492","1,521"
6,74,GRAL SAN MARTIN,ARROYO CABRAL,"2,522","2,543","2,762","2,890","2,967"
6,75,GRAL SAN MARTIN,AUSONIA,785,858,890,946,977
6,76,GRAL SAN MARTIN,CHAZON,973,976,961,994,"1,024"
6,77,GRAL SAN MARTIN,ETRURIA,"3,283","3,385","3,433","3,620","3,719"
6,78,GRAL SAN MARTIN,LA LAGUNA,"1,225","1,255","1,341","1,355","1,384"
6,79,GRAL SAN MARTIN,LA PLAYOSA,"2,309","2,546","2,703","2,848","2,905"
6,80,GRAL SAN MARTIN,LUCA,606,619,603,588,587
6,81,GRAL SAN MARTIN,MOJARRAS,114,99,77,68,61
6,82,GRAL SAN MARTIN,PALESTINA,507,539,528,539,568
6,83,GRAL SAN MARTIN,PASCO,"1,020","1,107","1,134","1,195","1,248"
6,88B,GRAL SAN MARTIN,SAN ANTONIO DE YUCAT (Desaparecido en 2017),61,45,21,12,
6,84,GRAL SAN MARTIN,SANABRIA,80,67,50,40,34
6,88A,GRAL SAN MARTIN,SANTA RITA (Desaparecido en 2017),30,21,9,2,
6,86,GRAL SAN MARTIN,SILVIO PELLICO,635,656,650,630,633
6,87,GRAL SAN MARTIN,TICINO,"1,608","1,800","1,914","1,998","2,017"
6,88,GRAL SAN MARTIN,TIO PUJIO,"2,560","2,759","2,886","3,107","3,192"
6,89,GRAL SAN MARTIN,VILLA MARIA,"57,785","63,397","67,781","70,985","72,455"
6,90,GRAL SAN MARTIN,VILLA NUEVA,"13,175","14,162","15,811","17,530","18,740"
7,91,ISCHILIN,AVELLANEDA,499,458,435,485,501
7,92,ISCHILIN,CAÑADA DE RIO PINTO,443,391,399,398,376
7,91A,ISCHILIN,CANTERAS,37,23,20,23,23
7,94,ISCHILIN,CHUÑA,544,533,597,593,601
7,93,ISCHILIN,COPACABANA,309,283,310,347,357
7,95,ISCHILIN,DEAN FUNES,"16,064","16,880","17,922","18,352","19,296"
7,96,ISCHILIN,HUASCHA (Desaparecido en 2009 o 2011),44,,,,
7,97,ISCHILIN,ISCHILIN,162,103,90,76,65
7,98,ISCHILIN,JAIME PETER,106,76,60,55,59
7,91B,ISCHILIN,LOS POZOS,98,103,105,118,131
7,96A,ISCHILIN,OLIVARES SAN NICOLAS,464,544,574,571,579
7,99,ISCHILIN,QUILINO ESTACION,"3,607","3,747","3,922","4,200","4,210"
7,100,ISCHILIN,QUILINO VILLA,882,888,875,983,"1,189"
7,101,ISCHILIN,TOYOS,134,100,91,82,88
7,91C,ISCHILIN,VILLA GUTIERREZ,189,206,237,279,305
8,102,JUAREZ CELMAN,ALEJANDRO,"4,249","4,479","4,744","5,040","5,183"
8,103,JUAREZ CELMAN,ASSUNTA,86,72,67,74,94
8,105,JUAREZ CELMAN,BENGOLEA,881,895,912,971,993
8,106,JUAREZ CELMAN,CABRERA,"8,437","9,166","9,752","10,363","10,534"
8,107,JUAREZ CELMAN,CARNERILLO,"1,648","1,774","1,796","1,884","1,929"
8,108,JUAREZ CELMAN,CHARRAS,870,920,957,"1,041","1,086"
8,109,JUAREZ CELMAN,DEHEZA,"7,740","8,448","9,066","9,509","9,869"
8,110,JUAREZ CELMAN,EL RASTREADOR,71,52,58,60,74
8,111,JUAREZ CELMAN,HUANCHILLA,"1,138","1,251","1,211","1,212","1,176"
8,112,JUAREZ CELMAN,LA CARLOTA,"9,548","9,888","10,695","10,962","11,183"
8,113,JUAREZ CELMAN,LOS CISNES,605,623,609,673,760
8,114,JUAREZ CELMAN,OLAETA,524,555,587,644,656
8,110A,JUAREZ CELMAN,PACHECO DE MELO,84,85,70,72,84
8,116A,JUAREZ CELMAN,PASO DEL DURAZNO,98,90,91,110,122
8,116,JUAREZ CELMAN,REDUCCION,"1,260","1,290","1,367","1,425","1,497"
8,117,JUAREZ CELMAN,SANTA EUFEMIA,"1,962","1,973","2,041","2,122","2,158"
8,118,JUAREZ CELMAN,UCACHA,"4,430","4,524","4,707","4,849","4,951"
9,119,MARCOS JUAREZ,ALEJO LEDESMA,"2,880","2,948","3,019","3,106","3,157"
9,120,MARCOS JUAREZ,ARIAS,"6,003","6,054","6,392","6,533","6,509"
9,121,MARCOS JUAREZ,BALDISSERA,"1,934","1,978","1,985","1,992","1,988"
9,122,MARCOS JUAREZ,BARGE,162,143,161,228,283
9,123,MARCOS JUAREZ,CAMILO ALDAO,"4,028","3,974","3,957","4,149","4,129"
9,135,MARCOS JUAREZ,CAP.B.O HIGGINS,390,376,345,320,317
9,124,MARCOS JUAREZ,CAVANAGH,"1,099","1,078","1,069","1,056","1,065"
9,125,MARCOS JUAREZ,CORRAL DE BUSTOS,"8,209","8,422","8,827","8,991","8,971"
9,126,MARCOS JUAREZ,CRUZ ALTA,"5,940","6,072","6,221","6,295","6,275"
9,127,MARCOS JUAREZ,GUATIMOZIN,"2,196","2,184","2,161","2,147","2,108"
9,128,MARCOS JUAREZ,INRIVILLE,"3,419","3,495","3,404","3,487","3,450"
9,129,MARCOS JUAREZ,ISLA VERDE,"3,646","3,921","4,062","4,118","4,111"
9,130,MARCOS JUAREZ,LA ITALIANA,662,648,653,639,674
9,131,MARCOS JUAREZ,LEONES,"8,434","8,651","9,021","9,334","9,409"
9,132,MARCOS JUAREZ,LOS SURGENTES,"2,438","2,400","2,479","2,509","2,477"
9,133,MARCOS JUAREZ,MARCOS JUAREZ,"20,008","21,440","22,485","23,149","23,653"
9,134,MARCOS JUAREZ,MONTE BUEY,"4,752","5,063","5,174","5,441","5,623"
9,136,MARCOS JUAREZ,ROCA,"2,299","2,285","2,476","2,587","2,648"
9,137,MARCOS JUAREZ,SAIRA,805,759,753,755,762
9,128A,MARCOS JUAREZ,SALADILLO,151,143,129,136,141
9,131A,MARCOS JUAREZ,VILLA ELISA,31,27,26,26,32
10,139A,MINAS,AGUA DE RAMON,128,115,95,89,84
10,143,MINAS,CAPILLA DEL CARMEN (Desaparecido en 2009 o 2011),162,,,,
10,138,MINAS,CIENAGA DEL CORO,492,605,751,926,946
10,141A,MINAS,EL CHACHO,117,129,134,158,161
10,138C,MINAS,ESTANCIA DE GUADALUPE,329,379,324,429,413
10,139,MINAS,GUASAPAMPA,222,205,205,290,300
10,140,MINAS,LA ARGENTINA,296,284,243,216,192
10,139B,MINAS,LA PLAYA,213,235,234,237,238
10,140A,MINAS,OJO DE AGUA DE TOTOX,111,104,83,89,91
10,141,MINAS,PIEDRITA BLANCA,130,114,89,61,60
10,138A,MINAS,RUMIACO,50,40,27,27,23
10,138B,MINAS,RUMIHUASI,141,128,89,101,103
10,142,MINAS,SAN CARLOS,"1,611","1,630","1,822","2,028","2,103"
10,142A,MINAS,TALAINI,106,129,131,152,145
10,138D,MINAS,TOSNO,125,154,152,186,189
11,144,POCHO,CHANCANI,848,962,990,"1,010","1,015"
11,144B,POCHO,EL MEDANITO,158,119,81,64,68
11,144A,POCHO,LAS JARILLAS,154,113,80,93,91
11,145A,POCHO,LAS PALMAS,234,227,225,254,257
11,146C,POCHO,LOS TALARES,126,132,115,141,140
11,145,POCHO,POCHO,551,510,508,499,488
11,146,POCHO,SALSACATE,"1,752","1,687","1,764","1,978","1,982"
11,146B,POCHO,SAN JERONIMO,153,160,162,290,274
11,146A,POCHO,TALA CAÑADA,320,287,283,283,302
12,147,PUNILLA,BIALET MASSE,"3,805","4,337","4,693","5,554","6,163"
12,158A,PUNILLA,CABALANGO,280,307,303,440,585
12,148,PUNILLA,CAPILLA DEL MONTE,"8,004","8,659","9,466","10,340","10,721"
12,149,PUNILLA,CASA GRANDE,424,527,545,643,763
12,151,PUNILLA,CHARBONIER,422,465,561,658,704
12,150,PUNILLA,COSQUIN,"15,546","16,523","17,799","19,042","19,887"
12,156B,PUNILLA,CUESTA BLANCA,239,306,348,425,477
12,158B,PUNILLA,ESTANCIA VIEJA,372,530,658,"1,038","1,300"
12,152,PUNILLA,HUERTA GRANDE,"4,607","4,882","5,221","5,650","6,037"
12,153,PUNILLA,LA CUMBRE,"6,029","6,344","6,570","7,039","7,126"
12,154,PUNILLA,LA FALDA,"12,360","12,812","13,501","13,848","14,079"
12,155A,PUNILLA,LOS COCOS,851,895,929,"1,022","1,018"
12,156C,PUNILLA,MAYU SUMAJ,640,753,895,"1,115","1,244"
12,156D,PUNILLA,SAN ANTONIO DE ARREDONDO,"2,086","2,752","3,437","4,474","4,750"
12,155,PUNILLA,SAN ESTEBAN,543,642,671,753,805
12,147A,PUNILLA,SAN ROQUE,707,843,856,"1,103","1,293"
12,157,PUNILLA,SANTA MARIA,"6,331","6,995","7,312","8,095","8,666"
12,156E,PUNILLA,TALA HUASI,211,219,201,235,232
12,158,PUNILLA,TANTI,"4,401","4,878","5,195","5,927","6,518"
12,159,PUNILLA,VALLE HERMOSO,"4,757","5,123","5,149","5,416","5,671"
12,156,PUNILLA,VILLA CARLOS PAZ,"44,983","48,896","53,129","54,764","56,431"
12,152A,PUNILLA,VILLA GIARDINO,"3,632","4,107","4,273","4,997","5,428"
12,147B,PUNILLA,VILLA PARQUE SIQUIMAN,913,"1,123","1,240","1,746","2,105"
12,158C,PUNILLA,VILLA SANTA CRUZ DEL LAGO,"1,365","1,710","2,022","2,540","2,881"
12,156A,PUNILLA,YCHO CRUZ,985,"1,176","1,339","1,620","1,802"
13,160,RIO CUARTO,ACHIRAS,"2,237","2,290","2,463","2,611","2,680"
13,161,RIO CUARTO,ADELIA MARIA,"5,482","5,756","6,039","6,341","6,453"
13,162,RIO CUARTO,ALCIRA,"4,837","4,952","5,194","5,508","5,527"
13,163,RIO CUARTO,ALPA CORRAL,"1,064","1,086","1,069","1,215","1,233"
13,164,RIO CUARTO,BAIGORRIA,"1,465","1,589","1,642","1,757","1,816"
13,165,RIO CUARTO,BANDA NORTE,"23,518","25,940","28,072","30,030","30,777"
13,166,RIO CUARTO,BERROTARAN,"5,654","5,885","6,081","6,347","6,393"
13,167,RIO CUARTO,BULNES,"1,023","1,104","1,070","1,083","1,056"
13,168,RIO CUARTO,CHAJAN,795,861,850,827,801
13,169,RIO CUARTO,CHUCUL,341,341,345,413,431
13,170,RIO CUARTO,ELENA,"2,576","2,614","2,771","2,865","2,891"
13,171,RIO CUARTO,ESPINILLO,146,149,148,153,163
13,172,RIO CUARTO,HOLMBERG,"3,422","3,768","3,996","4,707","5,333"
13,173,RIO CUARTO,LA ARGENTINA,40,32,27,17,9
13,160A,RIO CUARTO,LA CAROLINA,197,229,232,243,251
13,174,RIO CUARTO,LA CAUTIVA,692,705,705,736,782
13,175,RIO CUARTO,LA GILDA,76,67,64,73,80
13,176,RIO CUARTO,LA INVERNADA,111,89,75,71,74
13,177,RIO CUARTO,LAS ACEQUIAS,"2,177","2,241","2,278","2,569","2,638"
13,178A,RIO CUARTO,LAS ALBAHACAS,424,441,434,440,463
13,178,RIO CUARTO,LAS CAÑITAS,55,39,43,49,71
13,179,RIO CUARTO,LAS HIGUERAS,"4,646","5,073","5,273","6,209","6,992"
13,180,RIO CUARTO,LAS PEÑAS,248,250,239,215,206
13,182,RIO CUARTO,LAS VERTIENTES,790,835,894,908,931
13,181,RIO CUARTO,LOS CUATRO VIENTOS,157,153,159,168,175
13,191A,RIO CUARTO,MALENA,256,249,265,308,318
13,184,RIO CUARTO,MOLDES,"7,003","7,420","7,829","8,120","8,195"
13,184A,RIO CUARTO,MONTE DE LOS GAUCHOS,564,624,621,686,717
13,185,RIO CUARTO,PAUNERO (Desaparecido 2017 se mezclo con 194),33,17,13,5,
13,186,RIO CUARTO,PUEBLO ALBERDI,"21,565","23,034","24,454","25,649","26,548"
13,187,RIO CUARTO,PUEYRREDON,75,80,81,103,111
13,188,RIO CUARTO,RIO CUARTO,"71,707","74,409","76,305","77,167","76,969"
13,189,RIO CUARTO,SAMPACHO,"6,681","6,901","7,218","7,443","7,525"
13,190,RIO CUARTO,SAN AMBROSIO,162,163,165,128,125
13,191,RIO CUARTO,SAN BASILIO,"2,896","3,036","3,092","3,266","3,392"
13,192,RIO CUARTO,SUCO,452,436,460,477,473
13,193,RIO CUARTO,TOSQUITA,483,503,520,526,552
13,183,RIO CUARTO,VICUÑA MACKENNA,"7,572","8,167","8,795","9,141","9,389"
13,178B,RIO CUARTO,VILLA EL CHACAY,97,85,80,126,137
13,194,RIO CUARTO,WASHINGTON,529,524,527,551,563
14,195,RIO PRIMERO,ATAHONA,273,219,204,166,165
14,210,RIO PRIMERO,BLAS DE ROSALES,245,177,140,106,92
14,196,RIO PRIMERO,CAÑADA DE MACHADO,276,252,242,229,219
14,198,RIO PRIMERO,CAPILLA DE REMEDIOS,"1,078","1,069","1,068","1,065","1,075"
14,199,RIO PRIMERO,CHALACEA,256,226,228,230,239
14,201,RIO PRIMERO,COLONIA LAS CUATRO ESQUINAS,126,108,100,114,122
14,208,RIO PRIMERO,COMECHINGONES,369,330,319,311,310
14,200,RIO PRIMERO,DIEGO DE ROJAS,490,509,503,503,508
14,221,RIO PRIMERO,EL ALCALDE,199,159,141,116,110
14,212B,RIO PRIMERO,EL CRISPIN,235,227,253,253,268
14,202,RIO PRIMERO,ESQUINA,459,325,327,341,327
14,204,RIO PRIMERO,LA PARA,"2,955","3,190","3,470","3,669","3,769"
14,197,RIO PRIMERO,LA POSTA,407,353,328,337,345
14,205,RIO PRIMERO,LA PUERTA,"1,677","1,780","1,879","2,012","2,102"
14,215A,RIO PRIMERO,LA QUINTA,227,222,239,255,229
14,201A,RIO PRIMERO,LAS GRAMILLAS,144,129,133,137,142
14,206,RIO PRIMERO,LAS HERAS,144,100,84,61,57
14,207,RIO PRIMERO,LAS SALADAS,261,249,250,257,258
14,209,RIO PRIMERO,MAQUINISTA GALLINI,253,201,191,182,164
14,211,RIO PRIMERO,MONTE CRISTO,"6,272","6,926","8,217","9,441","10,150"
14,212,RIO PRIMERO,MONTE DEL ROSARIO,253,191,171,146,131
14,213,RIO PRIMERO,OBISPO TREJO,"2,071","2,173","2,225","2,407","2,467"
14,203,RIO PRIMERO,PEDRO E.VIVAS,283,345,361,352,363
14,214,RIO PRIMERO,PIQUILLIN,"1,569","1,602","1,666","1,676","1,699"
14,215,RIO PRIMERO,PLAZA DE MERCEDES,141,130,146,140,126
14,216,RIO PRIMERO,PUNTA DEL AGUA,75,53,44,38,37
14,217,RIO PRIMERO,QUEBRACHO,177,139,124,93,85
14,218,RIO PRIMERO,RIO PRIMERO,"5,385","5,722","6,242","6,644","6,965"
14,219,RIO PRIMERO,SAGRADA FAMILIA,274,220,204,181,175
14,222,RIO PRIMERO,VILLA FONTANA,959,942,942,911,933
14,220,RIO PRIMERO,VILLA SANTA ROSA,"5,990","6,315","6,836","7,267","7,465"
15,223,RIO SECO,CANDELARIA NORTE,858,749,770,764,825
15,227B,RIO SECO,CERRO COLORADO,234,279,295,339,351
15,227C,RIO SECO,CHAÑAR VIEJO,172,210,209,207,204
15,224,RIO SECO,ENCRUCIJADA,101,75,50,42,43
15,229A,RIO SECO,EUFRASIO LOZA,238,215,209,205,205
15,225,RIO SECO,GUTEMBERG,884,825,839,860,898
15,225A,RIO SECO,LA CAÑADA,226,146,124,89,85
15,226,RIO SECO,LOS HOYOS,476,454,441,453,447
15,226A,RIO SECO,PUESTO DE CASTRO,365,400,374,439,405
15,227,RIO SECO,RAYO CORTADO,623,613,632,700,743
15,227A,RIO SECO,RINCONADA,452,456,464,466,463
15,227D,RIO SECO,SANTA ELENA,270,292,311,346,350
15,228,RIO SECO,SEBASTIAN ELCANO,"2,373","2,280","2,449","2,514","2,589"
15,229,RIO SECO,VILLA DE MARIA,"3,678","3,942","4,421","4,823","5,088"
16,230,RIO SEGUNDO,CALCHIN,"1,876","1,996","2,056","2,150","2,211"
16,230A,RIO SEGUNDO,CALCHIN OESTE,628,604,647,668,668
16,242A,RIO SEGUNDO,CAÑADA DE MACHADO SUD,55,32,24,17,8
16,231,RIO SEGUNDO,CAPILLA DEL CARMEN,329,338,346,364,391
16,232,RIO SEGUNDO,CARRILOBO,"1,593","1,649","1,705","1,705","1,735"
16,233,RIO SEGUNDO,COLAZO,"1,326","1,384","1,404","1,373","1,377"
16,236A,RIO SEGUNDO,COLONIA VIDELA,54,37,36,45,47
16,234,RIO SEGUNDO,COSTA SACATE,"1,400","1,413","1,426","1,377","1,386"
16,235,RIO SEGUNDO,LAGUNA LARGA,"6,080","6,353","6,643","6,824","6,806"
16,236,RIO SEGUNDO,LAS JUNTURAS,"1,397","1,473","1,495","1,545","1,552"
16,244A,RIO SEGUNDO,LOS CHAÑARITOS,275,281,285,278,292
16,237,RIO SEGUNDO,LUQUE,"4,321","4,694","5,185","5,555","5,751"
16,237A,RIO SEGUNDO,MANFREDI,768,785,830,918,941
16,238,RIO SEGUNDO,MATORRALES,937,953,971,956,973
16,239,RIO SEGUNDO,ONCATIVO,"10,974","11,312","11,812","11,976","12,193"
16,240,RIO SEGUNDO,PILAR,"9,933","10,830","11,371","12,441","13,127"
16,241,RIO SEGUNDO,POZO DEL MOLLE,"4,852","5,110","5,236","5,578","5,585"
16,237B,RIO SEGUNDO,PUEBLO LUDUEÑA,205,180,179,189,197
16,242,RIO SEGUNDO,RINCON,394,396,425,446,469
16,243,RIO SEGUNDO,RIO SEGUNDO,"14,763","15,592","16,871","17,700","18,052"
16,244,RIO SEGUNDO,SANTIAGO TEMPLE,"2,171","2,280","2,364","2,425","2,448"
16,245,RIO SEGUNDO,VILLA DEL ROSARIO,"10,796","11,385","12,340","13,005","13,476"
17,249,ROQUE SAENZ PEÑA,LA CESIRA,"1,158","1,269","1,269","1,399","1,433"
17,248,ROQUE SAENZ PEÑA,LABOULAYE,"16,514","16,994","17,566","18,058","18,335"
17,251,ROQUE SAENZ PEÑA,LEGUIZAMON,172,119,106,120,139
17,252,ROQUE SAENZ PEÑA,LEVALLE,"4,609","4,733","4,968","5,066","5,116"
17,253,ROQUE SAENZ PEÑA,MELO,"1,058","1,106","1,102","1,147","1,150"
17,254,ROQUE SAENZ PEÑA,RIO BAMBA,105,86,84,99,101
17,255,ROQUE SAENZ PEÑA,ROSALES,539,511,511,540,545
17,256,ROQUE SAENZ PEÑA,SAN JOAQUIN,145,124,129,146,146
17,257,ROQUE SAENZ PEÑA,SERRANO,"2,669","2,742","2,835","3,034","3,072"
17,258,ROQUE SAENZ PEÑA,VILLA ROSSI,611,558,574,568,581
18,259,SAN ALBERTO,ALTAUTINA,73,47,30,21,19
18,260,SAN ALBERTO,AMBUL,960,959,974,944,"1,022"
18,263C,SAN ALBERTO,ARROYO DE LOS PATOS,266,379,444,610,713
18,261,SAN ALBERTO,BROCHERO,"4,087","4,740","5,158","5,650","5,979"
18,260A,SAN ALBERTO,EL VOLCAN,67,63,60,35,37
18,265B,SAN ALBERTO,LA CORTADERA,142,132,118,82,78
18,263D,SAN ALBERTO,LAS CALLES,392,429,466,506,535
18,263E,SAN ALBERTO,LAS RABONAS,537,612,648,717,779
18,263B,SAN ALBERTO,LOS CERROS,47,42,35,20,24
18,264A,SAN ALBERTO,LOS ESPINILLOS,243,224,230,223,253
18,262,SAN ALBERTO,MINA CLAVERO,"6,202","6,856","7,625","8,252","8,822"
18,263,SAN ALBERTO,NONO,"1,731","1,985","2,130","2,381","2,462"
18,263A,SAN ALBERTO,PAMPA DE ACHALA,228,175,163,122,142
18,264,SAN ALBERTO,PANAHOLMA,296,303,320,396,399
18,261A,SAN ALBERTO,SAN LORENZO,638,729,814,961,"1,053"
18,265,SAN ALBERTO,SAN PEDRO,"3,293","3,729","3,992","4,175","4,588"
18,266A,SAN ALBERTO,SAN RAFAEL,273,248,240,158,150
18,266,SAN ALBERTO,SAN VICENTE,"1,219","1,270","1,377","1,404","1,432"
18,265C,SAN ALBERTO,SAUCE ARRIBA,541,606,672,797,865
18,261B,SAN ALBERTO,VILLA BENEGAS,71,67,63,48,48
18,265A,SAN ALBERTO,VILLA SARMIENTO,"3,534","4,021","4,234","4,457","4,694"
19,267,SAN JAVIER,CONLARA,381,363,391,401,430
19,268,SAN JAVIER,DOLORES,"22,840","23,687","25,603","27,232","28,139"
19,269B,SAN JAVIER,EL MANANTIAL,65,42,29,29,34
19,269,SAN JAVIER,LA PAZ,"2,241","2,402","2,574","2,852","3,062"
19,274A,SAN JAVIER,LA POBLACION,315,336,355,459,503
19,270,SAN JAVIER,LAS ROSAS,"3,246","3,371","3,771","4,364","4,780"
19,271,SAN JAVIER,LAS TAPIAS,"1,086","1,223","1,347","1,523","1,648"
19,275A,SAN JAVIER,LOS CERRILLOS,"1,389","1,580","1,717","2,021","2,299"
19,272,SAN JAVIER,LOS HORNILLOS,892,903,978,"1,169","1,283"
19,273,SAN JAVIER,LUYABA,"1,024",982,"1,062","1,208","1,298"
19,269A,SAN JAVIER,QUEBRACHO LADEADO,170,170,155,254,398
19,274,SAN JAVIER,SAN JAVIER,936,971,814,724,841
19,275,SAN JAVIER,SAN JOSE,"1,809","1,889","1,963","2,119","2,206"
19,276,SAN JAVIER,YACANTO,384,459,787,"1,177","1,236"
20,277,SAN JUSTO,ALICIA,"2,703","2,836","2,968","3,015","2,927"
20,278,SAN JUSTO,ALTOS DE CHIPION,"1,553","1,643","1,769","1,853","1,886"
20,279,SAN JUSTO,ARROYITO,"16,042","17,524","18,878","19,673","20,379"
20,280,SAN JUSTO,BALNEARIA,"5,084","5,367","5,554","5,618","5,721"
20,281,SAN JUSTO,BEIRO,254,209,159,155,192
20,282,SAN JUSTO,BRINKMANN,"7,261","7,612","8,151","8,482","8,759"
20,291A,SAN JUSTO,COLONIA ANITA,108,92,83,79,78
20,283A,SAN JUSTO,COLONIA PICHANAS,163,203,192,170,182
20,294A,SAN JUSTO,COLONIA VALTELINA,207,217,195,182,171
20,283,SAN JUSTO,CONCEPCION,"1,654","1,606","1,659","1,767","1,826"
20,285,SAN JUSTO,DEVOTO,"4,923","5,177","5,246","5,509","5,611"
20,286,SAN JUSTO,DIEZ DE JULIO,175,161,159,151,182
20,287,SAN JUSTO,DOS HERMANOS,180,149,141,125,144
20,288,SAN JUSTO,EL ARAÑADO,"1,736","1,784","1,873","1,965","1,956"
20,289,SAN JUSTO,EL FORTIN,"1,026","1,092","1,138","1,212","1,206"
20,279A,SAN JUSTO,EL FUERTECITO,590,486,396,373,375
20,290,SAN JUSTO,EL TIO,"1,544","1,678","1,698","1,850","1,901"
20,291,SAN JUSTO,FREYRE,"5,134","5,502","5,953","6,152","6,151"
20,292,SAN JUSTO,ITURRASPE,155,152,145,112,112
20,293,SAN JUSTO,LA FRANCIA,"3,125","3,271","3,423","3,530","3,581"
20,294,SAN JUSTO,LA PAQUITA,887,952,968,987,"1,018"
20,295,SAN JUSTO,LA TORDILLA,"1,413","1,430","1,476","1,566","1,596"
20,297,SAN JUSTO,LAS VARAS,"1,149","1,180","1,177","1,177","1,222"
20,298,SAN JUSTO,LAS VARILLAS,"12,421","13,235","14,008","14,687","14,980"
20,296,SAN JUSTO,LASPIUR,"2,199","2,187","2,201","2,376","2,386"
20,299,SAN JUSTO,LUXARDO,371,399,370,358,364
20,300,SAN JUSTO,MARINA,"1,148","1,207","1,233","1,208","1,183"
20,301,SAN JUSTO,MARULL,"1,678","1,705","1,759","1,757","1,770"
20,302,SAN JUSTO,MAUNIER,162,157,147,113,134
20,303,SAN JUSTO,MIRAMAR DE ANSENUZA (el DE ANSEUNZA se agrega en 2017),"1,854","1,869","2,023","2,081","2,148"
20,304,SAN JUSTO,MORTEROS,"13,255","14,013","14,947","15,829","16,673"
20,305,SAN JUSTO,PORTEÑA,"4,168","4,384","4,683","4,967","5,155"
20,306,SAN JUSTO,PROSPERIDAD,481,503,524,553,548
20,307,SAN JUSTO,QUEBRACHO HERRADO,579,635,602,653,658
20,308,SAN JUSTO,SACANTA,"2,685","2,771","2,791","2,940","2,984"
20,309,SAN JUSTO,SAN BARTOLOME,"1,319","1,369","1,452","1,549","1,728"
20,310A,SAN JUSTO,SAN FRANCISCO SECC. NORTE,"24,016","25,070","26,071","27,103","28,054"
20,310,SAN JUSTO,SAN FRANCISCO SECC. SUR,"26,054","26,663","27,283","27,763","28,395"
20,311,SAN JUSTO,SAN PEDRO,205,265,281,264,238
20,312,SAN JUSTO,SAUZE,75,48,36,22,17
20,313,SAN JUSTO,SEEBER,659,639,637,659,706
20,295A,SAN JUSTO,TORO PUJIO,187,203,207,252,291
20,314,SAN JUSTO,TRANSITO,"2,737","2,847","2,855","3,044","3,105"
20,315,SAN JUSTO,VIGNAUD,513,597,624,645,685
20,288A,SAN JUSTO,VILLA SAN ESTEBAN,127,127,115,189,194
21,316,SANTA MARIA,ALTA GRACIA,"34,151","37,155","39,656","41,867","43,769"
21,316A,SANTA MARIA,ANIZACATE,"1,832","2,405","2,951","4,043","4,759"
21,317,SANTA MARIA,BAJO CHICO,204,217,227,298,324
21,326B,SANTA MARIA,BARRIO PRIMERO DE MAYO,701,836,"1,045","1,348","1,730"
21,319,SANTA MARIA,BOUWER,"1,131","1,431","1,532","1,553","1,601"
21,320,SANTA MARIA,BUENA VISTA,110,65,52,27,19
21,322,SANTA MARIA,COSME,176,105,87,50,48
21,323,SANTA MARIA,DESPEÑADEROS,"4,891","5,051","5,335","5,604","5,951"
21,324,SANTA MARIA,FALDA DEL CARMEN,894,836,994,"1,266","1,433"
21,330A,SANTA MARIA,JOSE DE LA QUINTANA,513,470,454,514,578
21,316B,SANTA MARIA,LA PAISANITA,93,106,131,165,173
21,316C,SANTA MARIA,LA RANCHERITA,104,114,135,159,167
21,316D,SANTA MARIA,LA SERRANITA,269,307,344,427,471
21,316E,SANTA MARIA,LOS CEDROS,594,826,909,"1,136","1,219"
21,325,SANTA MARIA,LOZADA,"1,366","1,344","1,363","1,414","1,419"
21,326,SANTA MARIA,MALAGUEÑO,"5,393","5,806","6,460","6,972","7,295"
21,327,SANTA MARIA,MONTE RALO,524,485,469,488,481
21,328,SANTA MARIA,POTRERO DE GARAY,646,899,972,"1,241","1,363"
21,318,SANTA MARIA,RAFAEL GARCIA,628,611,633,648,648
21,329,SANTA MARIA,SAN CLEMENTE,190,161,176,185,201
21,330,SANTA MARIA,SAN ISIDRO,446,476,555,623,650
21,326C,SANTA MARIA,SAN NICOLAS,,497,879,"1,744","2,461"
21,331,SANTA MARIA,TOLEDO,"3,208","3,480","3,660","4,299","4,742"
21,316F,SANTA MARIA,VALLE DE ANIZACATE,302,420,488,793,"1,040"
21,328B,SANTA MARIA,VILLA CIUDAD DE AMERICA,513,515,578,744,850
21,316G,SANTA MARIA,VILLA EL PRADO,684,769,959,"1,365","1,717"
21,316H,SANTA MARIA,VILLA LA BOLSA,615,738,823,974,"1,103"
21,316I,SANTA MARIA,VILLA LOS AROMOS,547,624,662,850,956
21,316J,SANTA MARIA,VILLA PARQUE SANTA ANA,"1,399","1,611","1,883","2,572","2,999"
21,326A,SANTA MARIA,YOCSINA,"2,326","2,041","2,251","2,634","2,991"
22,333,SOBREMONTE,CAMINIAGA,525,436,429,453,442
22,335,SOBREMONTE,CHAÑAR,"2,300","2,348","2,451","2,548","2,733"
22,334,SOBREMONTE,CHUÑAHUASI,382,354,341,344,337
22,332,SOBREMONTE,POZO NUEVO,593,542,537,561,547
23,336,TERCERO ARRIBA,ALMAFUERTE,"8,813","9,273","9,832","10,335","10,624"
23,337,TERCERO ARRIBA,ASCASUBI,"2,111","2,183","2,210","2,264","2,309"
23,337A,TERCERO ARRIBA,CNIA ALMADA,556,543,556,565,562
23,338,TERCERO ARRIBA,CORRALITO,"1,609","1,647","1,614","1,673","1,695"
23,339,TERCERO ARRIBA,DALMACIO VELEZ,"1,166","1,265","1,347","1,407","1,455"
23,349A,TERCERO ARRIBA,GENERAL FOTHERINGHAM,347,354,366,352,340
23,340,TERCERO ARRIBA,HERNANDO,"9,066","9,155","9,511","9,882","10,077"
23,341,TERCERO ARRIBA,JAMES CRAIK,"4,233","4,301","4,471","4,581","4,627"
23,347A,TERCERO ARRIBA,LAS ISLETILLAS,265,278,268,262,260
23,342,TERCERO ARRIBA,LAS PERDICES,"3,758","3,962","4,034","4,278","4,401"
23,343,TERCERO ARRIBA,LOS ZORROS,662,633,608,603,621
23,344,TERCERO ARRIBA,OLIVA,"10,583","10,670","10,982","11,264","11,354"
23,345,TERCERO ARRIBA,PAMPAYASTA NORTE,447,412,412,425,424
23,346,TERCERO ARRIBA,PAMPAYASTA SUD,"1,203","1,243","1,269","1,271","1,274"
23,347,TERCERO ARRIBA,PUNTA DEL AGUA,242,243,234,227,226
23,348,TERCERO ARRIBA,RIO TERCERO,"36,352","38,592","40,503","41,933","42,845"
23,349,TERCERO ARRIBA,TANCACHA,"4,605","4,631","4,677","4,818","4,912"
24,351,TOTORAL,CAÑADA DE LUQUE,"1,098","1,113","1,142","1,185","1,188"
24,350,TOTORAL,CANDELARIA,537,422,376,400,390
24,351A,TOTORAL,LA PAMPA,656,664,671,718,729
24,352,TOTORAL,LAS PEÑAS,"1,366","1,446","1,547","1,673","1,715"
24,352A,TOTORAL,LOS MISTOLES,99,118,132,144,149
24,353,TOTORAL,MACHA,210,137,98,76,65
24,354,TOTORAL,SANTA CATALINA,302,266,246,234,251
24,355,TOTORAL,SARMIENTO,809,905,951,"1,088","1,145"
24,356,TOTORAL,SIMBOLAR,328,296,301,319,330
24,357,TOTORAL,SINSACATE,"1,127","1,285","1,465","1,774","1,995"
24,358,TOTORAL,SITON,472,477,491,626,653
24,359,TOTORAL,VILLA DEL TOTORAL,"6,077","6,570","7,230","7,756","8,031"
25,360,TULUMBA,CHURQUI CAÑADA,218,206,183,163,151
25,362,TULUMBA,EL BAÑADO,148,99,63,39,34
25,360A,TULUMBA,EL RODEO,207,202,217,243,243
25,363,TULUMBA,ISLA DE SAN ANTONIO,116,82,69,49,49
25,370A,TULUMBA,LA CAÑADA,60,45,30,28,27
25,364,TULUMBA,LA DORMIDA,"3,518","3,757","4,155","4,459","4,606"
25,360B,TULUMBA,LA TOMA,200,148,115,115,146
25,361,TULUMBA,LAS ARRIAS,"1,522","1,747","1,805","2,046","2,035"
25,365,TULUMBA,LAS MASITAS,60,36,27,16,14
25,366,TULUMBA,LUCIO V MANSILLA,"1,009","1,016","1,079","1,088","1,055"
25,367,TULUMBA,ROSARIO DEL SALADILLO,523,491,468,493,451
25,368,TULUMBA,SAN JOSE DE LAS SALINAS,675,641,646,648,654
25,369,TULUMBA,SAN PEDRO NORTE,545,552,542,587,600
25,370,TULUMBA,SANTA CRUZ,252,172,138,97,92
25,371,TULUMBA,TULUMBA,"1,560","1,662","1,758","1,844","1,899"
26,372,UNION,ALTO ALEGRE,911,922,987,"1,122","1,144"
26,372A,UNION,ANA ZUMARAN,135,126,135,175,202
26,373,UNION,BALLESTEROS,"3,148","3,298","3,406","3,673","3,868"
26,374,UNION,BALLESTEROS SUD,609,644,622,675,854
26,375,UNION,BELL VILLE,"25,942","27,159","29,090","30,587","31,325"
26,376,UNION,BISMARCK,428,433,422,415,420
26,377,UNION,BREMEN,210,183,192,246,239
26,378,UNION,CANALS,"6,973","7,091","7,548","7,708","7,714"
26,379,UNION,CARCANO,36,38,33,17,23
26,382,UNION,CHILIBROSTE,613,601,612,615,653
26,381,UNION,CINTRA,"1,230","1,258","1,272","1,350","1,421"
26,397A,UNION,CORRAL DEL BAJO,163,95,61,13,7
26,385,UNION,ESCALANTE,"1,315","1,338","1,361","1,367","1,348"
26,386,UNION,GOULD,776,696,665,632,628
26,387,UNION,IDIAZABAL,"1,443","1,417","1,464","1,470","1,460"
26,389,UNION,LABORDE,"4,710","4,853","5,005","5,210","5,244"
26,390,UNION,MONTE LEÑA,564,526,517,514,530
26,391,UNION,MONTE MAIZ,"5,823","6,142","6,484","6,600","6,525"
26,392,UNION,MORRISON,"2,931","3,015","3,108","3,317","3,492"
26,393,UNION,NOETINGER,"4,230","4,347","4,377","4,558","4,566"
26,394,UNION,ORDOÑEZ,"2,082","2,169","2,183","2,356","2,381"
26,395,UNION,PASCANAS,"2,255","2,346","2,435","2,474","2,458"
26,396,UNION,POSSE,"6,369","6,757","7,094","7,503","7,678"
26,384,UNION,PUEBLO ITALIANO,"1,562","1,553","1,580","1,585","1,594"
26,397,UNION,SAN ANTONIO,"1,439","1,401","1,422","1,446","1,516"
26,400,UNION,SAN MARCOS SUD,"2,472","2,549","2,601","2,757","2,823"
26,401,UNION,SANTA MARIA,161,157,197,204,226
26,402,UNION,VIAMONTE,"1,540","1,566","1,542","1,574","1,599"
26,396A,UNION,VILLA LOS PATOS,76,61,51,43,34