PROV,DEPTO,NOM_DEPTO,CODLOC,NOMLOC_10,CODMUNI_10,NOMMUNI_10,LONGITUD,LATITUD
14,7,CALAMUCHITA,10,AMBOY,2007,AMBOY,-64.57531753,-32.17641448
14,7,CALAMUCHITA,160,PARQUE CALMAYO,2014,CALMAYO,-64.46414885,-32.02474113
14,7,CALAMUCHITA,30,CA�ADA DEL SAUCE,2021,CA�ADA DEL SAUCE,-64.64021064,-32.36698070
14,7,CALAMUCHITA,60,EMBALSE,7,EMBALSE,-64.40060657,-32.20750931
14,7,CALAMUCHITA,70,LA CRUZ,14,LA CRUZ,-64.48363250,-32.30321892
14,7,CALAMUCHITA,80,LA CUMBRECITA,3015,LA CUMBRECITA,-64.77540536,-31.89683383
14,7,CALAMUCHITA,90,LAS BAJADAS,2028,LAS BAJADAS,-64.33130290,-32.09672546
14,7,CALAMUCHITA,100,LAS CALERAS,2035,LAS CALERAS,-64.52310870,-32.38977836
14,7,CALAMUCHITA,110,LOS CONDORES,21,LOS CONDORES,-64.27859118,-32.32036821
14,7,CALAMUCHITA,120,LOS MOLINOS,2042,LOS MOLINOS,-64.37424250,-31.86070262
14,7,CALAMUCHITA,130,LOS REARTES,2049,LOS REARTES,-64.57394851,-31.90894859
14,7,CALAMUCHITA,40,CAPILLA VIEJA,2049,LOS REARTES,-64.59716832,-31.92611719
14,7,CALAMUCHITA,140,LUTTI,2056,LUTTI,-64.74758983,-32.31886978
14,7,CALAMUCHITA,170,RIO DE LOS SAUCES,28,RIO DE LOS SAUCES,-64.58770672,-32.52842019
14,7,CALAMUCHITA,180,SAN AGUSTIN,56,SAN AGUSTIN,-64.37372796,-31.97667863
14,7,CALAMUCHITA,190,SAN IGNACIO (Loteo San Javier),2063,SAN IGNACIO,-64.51533303,-32.16601069
14,7,CALAMUCHITA,210,SANTA ROSA DE CALAMUCHITA,35,SANTA ROSA DE CALAMUCHITA,-64.53761955,-32.07105590
14,7,CALAMUCHITA,220,SEGUNDA USINA,2070,SEGUNDA USINA,-64.37840477,-32.16604162
14,7,CALAMUCHITA,250,VILLA AMANCAY,2077,VILLA AMANCAY,-64.56855223,-32.18747489
14,7,CALAMUCHITA,230,SOLAR DE LOS MOLINOS,2084,VILLA CIUDAD PARQUE LOS REARTES,-64.54060787,-31.87111403
14,7,CALAMUCHITA,270,VILLA CIUDAD PARQUE LOS REARTES,2084,VILLA CIUDAD PARQUE LOS REARTES,-64.54539858,-31.90871557
14,7,CALAMUCHITA,290,VILLA DEL DIQUE,42,VILLA DEL DIQUE,-64.45590244,-32.17530175
14,7,CALAMUCHITA,310,VILLA GENERAL BELGRANO,49,VILLA GENERAL BELGRANO,-64.55873051,-31.97947506
14,7,CALAMUCHITA,330,VILLA QUILLINZO,2091,VILLA QUILLINZO,-64.51471319,-32.23455540
14,7,CALAMUCHITA,320,VILLA LA RIVERA,2091,VILLA QUILLINZO,-64.52306509,-32.26708843
14,7,CALAMUCHITA,50,EL CORCOVADO - EL TORREON,63,VILLA RUMIPAL,-64.50287536,-32.14512986
14,7,CALAMUCHITA,340,VILLA RUMIPAL,63,VILLA RUMIPAL,-64.47923199,-32.18953519
14,7,CALAMUCHITA,360,VILLA YACANTO,70,VILLA YACANTO,-64.75344897,-32.10447858
14,7,CALAMUCHITA,55,EL DURAZNO,70,VILLA YACANTO,-64.77611413,-32.16735510
14,7,CALAMUCHITA,260,VILLA BERNA,,,-64.72977525,-31.91378064
14,7,CALAMUCHITA,240,VILLA ALPINA,,,-64.81286057,-31.95669078
14,7,CALAMUCHITA,300,VILLA EL TALA,,,-64.58190318,-32.25214550
14,7,CALAMUCHITA,20,ARROYO SAN ANTONIO,,,-64.60735412,-32.25697971
14,14,CAPITAL,10,CORDOBA,77,CORDOBA,-64.18332362,-31.41479153
14,21,COLON,10,AGUA DE ORO,84,AGUA DE ORO,-64.29556543,-31.05918661
14,21,COLON,50,COLONIA CAROYA,91,COLONIA CAROYA,-64.06671750,-31.01819484
14,21,COLON,170,LA PUERTA,98,COLONIA TIROLESA,-64.04089460,-31.14237877
14,21,COLON,60,COLONIA TIROLESA,98,COLONIA TIROLESA,-64.06612291,-31.23799152
14,21,COLON,260,SANTA ELENA,98,COLONIA TIROLESA,-64.07458361,-31.25959658
14,21,COLON,120,ESTACION COLONIA TIROLESA,98,COLONIA TIROLESA,-64.05567842,-31.26580844
14,21,COLON,70,COLONIA VICENTE AG�ERO,2098,COLONIA VICENTE AG�ERO,-64.01850176,-31.02870266
14,21,COLON,110,EL MANZANO,2105,EL MANZANO,-64.29805939,-31.08395384
14,21,COLON,30,CANTERAS EL SAUCE,2105,EL MANZANO,-64.31225521,-31.09384093
14,21,COLON,130,GENERAL PAZ,2112,ESTACION GENERAL PAZ,-64.14099134,-31.13508195
14,21,COLON,320,VILLA LOS LLANOS - JUAREZ CELMAN,105,ESTACION JUAREZ CELMAN,-64.16410035,-31.27522496
14,21,COLON,310,PARQUE NORTE - CIUDAD DE LOS NI�OS - VILLA PASTORA - ALMIRANTE BROWN - GUI�AZU NORTE - 1 DE AGOSTO,105,ESTACION JUAREZ CELMAN,-64.17958900,-31.30706869
14,21,COLON,140,JESUS MARIA,112,JESUS MARIA,-64.09576257,-30.98215580
14,21,COLON,150,LA CALERA,119,LA CALERA,-64.33679673,-31.34512938
14,21,COLON,40,CASA BAMBA,119,LA CALERA,-64.40589174,-31.34931737
14,21,COLON,20,ASCOCHINGA,126,LA GRANJA,-64.27525982,-30.96135036
14,21,COLON,80,CORRAL QUEMADO,126,LA GRANJA,-64.30069254,-31.00753314
14,21,COLON,160,LA GRANJA,126,LA GRANJA,-64.27029122,-31.01404925
14,21,COLON,180,LOS MOLLES,126,LA GRANJA,-64.23735492,-31.01765966
14,21,COLON,190,MALVINAS ARGENTINAS,133,MALVINAS ARGENTINAS,-64.05030815,-31.36867640
14,21,COLON,75,VILLA CORAZON DE MARIA,133,MALVINAS ARGENTINAS,-63.99638124,-31.44353094
14,21,COLON,200,MENDIOLAZA,140,MENDIOLAZA,-64.30382092,-31.26443651
14,21,COLON,210,MI GRANJA,2119,MI GRANJA,-63.99963423,-31.35108496
14,21,COLON,230,RIO CEBALLOS,147,RIO CEBALLOS,-64.30966394,-31.17581827
14,21,COLON,25,BARRIO NUEVO RIO CEBALLOS,147,RIO CEBALLOS,-64.28894712,-31.19830710
14,21,COLON,220,PAJAS BLANCAS,147,RIO CEBALLOS,-64.27814961,-31.21466810
14,21,COLON,240,SALDAN,154,SALDAN,-64.31133663,-31.31237642
14,21,COLON,250,SALSIPUEDES,161,SALSIPUEDES,-64.29064717,-31.13979730
14,21,COLON,270,TINOCO,2728,TINOCO,-63.89136288,-31.12453134
14,21,COLON,280,UNQUILLO,168,UNQUILLO,-64.31772969,-31.23294300
14,21,COLON,175,LAS CORZUELAS,168,UNQUILLO,-64.26301504,-31.24243135
14,21,COLON,290,VILLA ALLENDE,175,VILLA ALLENDE,-64.29499587,-31.29317643
14,21,COLON,90,COUNTRY SAN ISIDRO - COUNTRY CHACRAS DE LA VILLA,175,VILLA ALLENDE,-64.23820817,-31.30247963
14,21,COLON,165,LA MORADA,175,VILLA ALLENDE,-64.26313711,-31.30479050
14,21,COLON,300,VILLA CERRO AZUL,2126,VILLA CERRO AZUL,-64.31972086,-31.07117517
14,28,CRUZ DEL EJE,10,ALTO DE LOS QUEBRACHOS,2133,ALTO DE LOS QUEBRACHOS,-65.03823875,-30.54184693
14,28,CRUZ DEL EJE,20,BA�ADO DE SOTO,2140,BA�ADO DE SOTO,-65.05861491,-30.78897169
14,28,CRUZ DEL EJE,40,CRUZ DE CA�A,2147,CRUZ DE CA�A,-64.94096565,-31.06690120
14,28,CRUZ DEL EJE,50,CRUZ DEL EJE,182,CRUZ DEL EJE,-64.80625553,-30.72271137
14,28,CRUZ DEL EJE,60,EL BRETE,2154,EL BRETE,-64.87459317,-30.67457436
14,28,CRUZ DEL EJE,80,GUANACO MUERTO,2161,GUANACO MUERTO,-65.06209232,-30.47883272
14,28,CRUZ DEL EJE,100,LA BATEA,2168,LA BATEA,-65.30704598,-30.37174060
14,28,CRUZ DEL EJE,110,LA HIGUERA,2175,LA HIGUERA,-65.10310082,-31.01282989
14,28,CRUZ DEL EJE,120,LAS CA�ADAS,2182,LAS CA�ADAS,-64.73435701,-30.91552225
14,28,CRUZ DEL EJE,130,LAS PLAYAS,2189,LAS PLAYAS,-64.84201396,-30.71145148
14,28,CRUZ DEL EJE,140,LOS CHA�ARITOS,2196,LOS CHA�ARITOS (C. D. E.),-64.95569268,-30.55900073
14,28,CRUZ DEL EJE,150,MEDIA NARANJA,2203,MEDIA NARANJA,-64.93250909,-30.63690845
14,28,CRUZ DEL EJE,160,PASO VIEJO,2210,PASO VIEJO,-65.19125544,-30.76760079
14,28,CRUZ DEL EJE,70,EL RINCON,189,SAN MARCOS SIERRAS,-64.64784187,-30.74552725
14,28,CRUZ DEL EJE,90,LA BANDA,189,SAN MARCOS SIERRAS,-64.63822493,-30.77347864
14,28,CRUZ DEL EJE,170,SAN MARCOS SIERRA,189,SAN MARCOS SIERRAS,-64.64170508,-30.78253490
14,28,CRUZ DEL EJE,30,CANTERAS QUILPO,189,SAN MARCOS SIERRAS,-64.69483893,-30.85797427
14,28,CRUZ DEL EJE,180,SERREZUELA,196,SERREZUELA,-65.38681462,-30.63873198
14,28,CRUZ DEL EJE,190,TUCLAME,2217,TUCLAME,-65.23676092,-30.74813084
14,28,CRUZ DEL EJE,200,VILLA DE SOTO,203,VILLA DE SOTO,-64.99756325,-30.85472921
14,35,GENERAL ROCA,30,HIPOLITO BOUCHARD,210,BUCHARDO,-63.50703314,-34.72378560
14,35,GENERAL ROCA,10,DEL CAMPILLO,217,DEL CAMPILLO,-64.49650345,-34.37523925
14,35,GENERAL ROCA,40,HUINCA RENANCO,224,HUINCA RENANCO,-64.37247378,-34.84080227
14,35,GENERAL ROCA,50,ITALO,231,ITALO,-63.78184560,-34.79060950
14,35,GENERAL ROCA,110,SANTA MAGDALENA (JOVITA),238,JOVITA,-63.94329953,-34.51799524
14,35,GENERAL ROCA,60,MATTALDI,245,MATTALDI,-64.17214897,-34.48250396
14,35,GENERAL ROCA,70,NICOLAS BRUZZONE,2224,NICOLAS BRUZZONE,-64.34090689,-34.44032561
14,35,GENERAL ROCA,80,ONAGOITY,2231,ONAGOITY,-63.67211377,-34.77393696
14,35,GENERAL ROCA,90,PINCEN,2238,PINCEN,-63.91667416,-34.83869014
14,35,GENERAL ROCA,100,RANQUELES,2245,RANQUELES,-64.09996653,-34.84272308
14,35,GENERAL ROCA,120,VILLA HUIDOBRO,252,VILLA HUIDOBRO,-64.58404534,-34.83854399
14,35,GENERAL ROCA,130,VILLA SARMIENTO,2252,VILLA SARMIENTO (G. R.),-64.72383973,-34.12258552
14,35,GENERAL ROCA,140,VILLA VALERIA,259,VILLA VALERIA,-64.92056759,-34.34065189
14,35,GENERAL ROCA,20,ESTACION LECUEDER,,,-64.81028104,-34.49526974
14,42,GENERAL SAN MARTIN,10,ARROYO ALGODON,226,ARROYO ALGODON,-63.16267594,-32.20224553
14,42,GENERAL SAN MARTIN,20,ARROYO CABRAL,273,ARROYO CABRAL,-63.40147363,-32.48999224
14,42,GENERAL SAN MARTIN,120,SANABRIA,280,AUSONIA,-63.24897008,-32.52910147
14,42,GENERAL SAN MARTIN,30,AUSONIA,280,AUSONIA,-63.24329647,-32.66230608
14,42,GENERAL SAN MARTIN,40,CHAZON,287,CHAZON,-63.27577122,-33.07763562
14,42,GENERAL SAN MARTIN,50,ETRURIA,294,ETRURIA,-63.24725467,-32.94154001
14,42,GENERAL SAN MARTIN,60,LA LAGUNA,301,LA LAGUNA,-63.24588322,-32.80257755
14,42,GENERAL SAN MARTIN,70,LA PALESTINA,308,LA PALESTINA,-63.40931536,-32.61648742
14,42,GENERAL SAN MARTIN,80,LA PLAYOSA,315,LA PLAYOSA,-63.03127829,-32.10001755
14,42,GENERAL SAN MARTIN,100,LUCA,322,LUCA,-63.47772815,-32.54038153
14,42,GENERAL SAN MARTIN,110,PASCO,329,PASCO,-63.34147773,-32.74759065
14,42,GENERAL SAN MARTIN,130,SILVIO PELLICO,336,SILVIO PELLICO,-62.93105298,-32.25101235
14,42,GENERAL SAN MARTIN,140,TICINO,343,TICINO,-63.43715445,-32.69320332
14,42,GENERAL SAN MARTIN,150,TIO PUJIO,350,TIO PUJIO,-63.35401687,-32.28737448
14,42,GENERAL SAN MARTIN,170,VILLA MARIA,357,VILLA MARIA,-63.24231130,-32.40808284
14,42,GENERAL SAN MARTIN,160,VILLA ALBERTINA,357,VILLA MARIA,-63.18451069,-32.43466675
14,42,GENERAL SAN MARTIN,190,VILLA OESTE,364,VILLA NUEVA,-63.28192066,-32.41683512
14,42,GENERAL SAN MARTIN,180,VILLA NUEVA,364,VILLA NUEVA,-63.24911853,-32.43177387
14,42,GENERAL SAN MARTIN,90,LAS MOJARRAS,,,-63.23305829,-32.30386690
14,49,ISCHILIN,10,AVELLANEDA,2259,AVELLANEDA,-64.20674487,-30.59508545
14,49,ISCHILIN,20,CA�ADA DE RIO PINTO,2266,CA�ADA DE RIO PINTO,-64.21828984,-30.77738826
14,49,ISCHILIN,30,CHU�A,2273,CHU�A,-64.66888072,-30.46845540
14,49,ISCHILIN,40,COPACABANA,2280,COPACABANA,-64.50085176,-30.64334359
14,49,ISCHILIN,50,DEAN FUNES,371,DEAN FUNES,-64.35165741,-30.42387902
14,49,ISCHILIN,110,SAN PEDRO DE TOYOS,371,DEAN FUNES,-64.44692215,-30.45499163
14,49,ISCHILIN,80,LOS POZOS,2287,LOS POZOS,-64.25252587,-30.51887763
14,49,ISCHILIN,90,OLIVARES DE SAN NICOLAS,2294,OLIVARES DE SAN NICOLAS,-64.85360034,-30.60216069
14,49,ISCHILIN,130,VILLA QUILINO,378,QUILINO,-64.47088014,-30.20741004
14,49,ISCHILIN,100,QUILINO,378,QUILINO,-64.49765361,-30.21529893
14,49,ISCHILIN,120,VILLA GUTIERREZ,2301,VILLA GUTIERREZ,-64.16017833,-30.67911930
14,49,ISCHILIN,60,ESQUINA DEL ALAMBRE,,,-64.91043964,-30.60011427
14,56,JUAREZ CELMAN,10,ALEJANDRO ROCA,385,ALEJANDRO ROCA,-63.71762873,-33.35357908
14,56,JUAREZ CELMAN,20,ASSUNTA,2308,ASSUNTA,-63.22564307,-33.63444747
14,56,JUAREZ CELMAN,30,BENGOLEA,392,BENGOLEA,-63.67164063,-33.02757676
14,56,JUAREZ CELMAN,40,CARNERILLO,399,CARNERILLO,-64.02506633,-32.91438238
14,56,JUAREZ CELMAN,50,CHARRAS,406,CHARRAS,-64.04625000,-33.02406304
14,56,JUAREZ CELMAN,60,EL RASTREADOR,2315,EL RASTREADOR,-63.53833581,-33.66527227
14,56,JUAREZ CELMAN,70,GENERAL CABRERA,413,GENERAL CABRERA,-63.87368631,-32.81290925
14,56,JUAREZ CELMAN,80,GENERAL DEHEZA,420,GENERAL DEHEZA,-63.78531521,-32.75595640
14,56,JUAREZ CELMAN,90,HUANCHILLAS,427,HUANCHILLA,-63.63671500,-33.66629897
14,56,JUAREZ CELMAN,100,LA CARLOTA,434,LA CARLOTA,-63.29544617,-33.42126811
14,56,JUAREZ CELMAN,110,LOS CISNES,441,LOS CISNES,-63.47164581,-33.40109602
14,56,JUAREZ CELMAN,120,OLAETA,448,OLAETA,-63.90858517,-33.04450871
14,56,JUAREZ CELMAN,130,PACHECO DE MELO,2322,PACHECO DE MELO,-63.48982574,-33.75766117
14,56,JUAREZ CELMAN,150,SANTA EUFEMIA,462,SANTA EUFEMIA,-63.28317937,-33.17691880
14,56,JUAREZ CELMAN,160,UCACHA,469,UCACHA,-63.50776236,-33.03266592
14,56,JUAREZ CELMAN,170,VILLA REDUCCION,455,VILLA REDUCCION,-63.86179403,-33.20042017
14,63,MARCOS JUAREZ,10,ALEJO LEDESMA,476,ALEJO LEDESMA,-62.62389277,-33.60838039
14,63,MARCOS JUAREZ,20,ARIAS,483,ARIAS,-62.40279269,-33.64221077
14,63,MARCOS JUAREZ,30,CAMILO ALDAO,490,CAMILO ALDAO,-62.09562397,-33.12753856
14,63,MARCOS JUAREZ,40,CAPITAN GENERAL BERNARDO O`HIGGINS,497,CAPITAN GENERAL B. O'HIGGINS,-62.26974685,-33.24823489
14,63,MARCOS JUAREZ,50,CAVANAGH,504,CAVANAGH,-62.33869240,-33.47834433
14,63,MARCOS JUAREZ,60,COLONIA BARGE,2336,COLONIA BARGE,-62.60772471,-33.25786799
14,63,MARCOS JUAREZ,70,COLONIA ITALIANA,511,COLONIA ITALIANA,-62.17896610,-33.31275147
14,63,MARCOS JUAREZ,90,CORRAL DE BUSTOS,518,CORRAL DE BUSTOS,-62.18545745,-33.28265298
14,63,MARCOS JUAREZ,100,CRUZ ALTA,525,CRUZ ALTA,-61.81098492,-33.00801666
14,63,MARCOS JUAREZ,110,GENERAL BALDISSERA,532,GENERAL BALDISSERA,-62.30614895,-33.12121235
14,63,MARCOS JUAREZ,120,GENERAL ROCA,539,GENERAL ROCA,-61.91714689,-32.73152906
14,63,MARCOS JUAREZ,130,GUATIMOZIN,546,GUATIMOZIN,-62.43790158,-33.46166369
14,63,MARCOS JUAREZ,140,INRIVILLE,553,INRIVILLE,-62.23062625,-32.94407820
14,63,MARCOS JUAREZ,150,ISLA VERDE,560,ISLA VERDE,-62.40372379,-33.24005315
14,63,MARCOS JUAREZ,160,LEONES,567,LEONES,-62.29992138,-32.65940617
14,63,MARCOS JUAREZ,80,COLONIA VEINTICINCO,574,LOS SURGENTES,-61.95201343,-32.88794642
14,63,MARCOS JUAREZ,170,LOS SURGENTES,574,LOS SURGENTES,-62.02371289,-32.98540538
14,63,MARCOS JUAREZ,180,MARCOS JUAREZ,581,MARCOS JUAREZ,-62.10188154,-32.69092861
14,63,MARCOS JUAREZ,190,MONTE BUEY,588,MONTE BUEY,-62.45766262,-32.91855284
14,63,MARCOS JUAREZ,210,SAIRA,595,SAIRA,-62.10205658,-32.40781442
14,63,MARCOS JUAREZ,220,SALADILLO,2343,SALADILLO,-62.34288627,-32.93418250
14,63,MARCOS JUAREZ,230,VILLA ELISA,2350,VILLA ELISA,-62.29401461,-32.83382242
14,70,MINAS,10,CIENAGA DEL CORO,2357,CIENAGA DEL CORO,-65.28273075,-31.04062843
14,70,MINAS,20,EL CHACHO,2364,EL CHACHO,-65.65605110,-30.79930426
14,70,MINAS,30,ESTANCIA DE GUADALUPE,2371,ESTANCIA DE GUADALUPE,-65.21679088,-31.12849156
14,70,MINAS,40,GUASAPAMPA,2378,GUASAPAMPA,-65.34919777,-31.07623217
14,70,MINAS,50,LA PLAYA,2385,LA PLAYA,-65.36080268,-31.00952184
14,70,MINAS,60,SAN CARLOS MINAS,602,SAN CARLOS MINAS,-65.10168374,-31.17655616
14,70,MINAS,70,TALAINI,2392,TALAINI,-65.16717518,-31.25066125
14,70,MINAS,80,TOSNO,2399,TOSNO,-65.31005913,-30.96036989
14,77,POCHO,10,CHANCANI,2406,CHANCANI,-65.45137927,-31.41646771
14,77,POCHO,20,LAS PALMAS,2413,LAS PALMAS,-65.29021551,-31.37947868
14,77,POCHO,30,LOS TALARES,2420,LOS TALARES,-65.04993247,-31.38170016
14,77,POCHO,40,SALSACATE,609,SALSACATE,-65.09046820,-31.31627246
14,77,POCHO,70,TANINGA,609,SALSACATE,-65.08009280,-31.34496113
14,77,POCHO,50,SAN GERONIMO,2427,SAN GERONIMO,-64.91317169,-31.34192339
14,77,POCHO,60,TALA CA�ADA,2434,TALA CA�ADA,-64.97526167,-31.35685527
14,77,POCHO,80,VILLA DE POCHO,2441,VILLA DE POCHO,-65.28199056,-31.48943095
14,84,PTE ROQUE SAENZ PE�A,10,GENERAL LEVALLE,616,GENERAL LEVALLE,-63.92252726,-34.01088619
14,84,PTE ROQUE SAENZ PE�A,20,LA CESIRA,623,LA CESIRA,-62.97407984,-33.95267213
14,84,PTE ROQUE SAENZ PE�A,30,LABOULAYE,630,LABOULAYE,-63.38672444,-34.12540292
14,84,PTE ROQUE SAENZ PE�A,40,LEGUIZAMON,2448,LEGUIZAMON,-62.97652692,-34.20404874
14,84,PTE ROQUE SAENZ PE�A,50,MELO,637,MELO,-63.44573800,-34.34899660
14,84,PTE ROQUE SAENZ PE�A,60,RIO BAMBA,2455,RIO BAMBA,-63.73382989,-34.05224717
14,84,PTE ROQUE SAENZ PE�A,70,ROSALES,644,ROSALES,-63.15404459,-34.17284281
14,84,PTE ROQUE SAENZ PE�A,80,SAN JOAQUIN,2462,SAN JOAQUIN,-63.70872595,-34.51164697
14,84,PTE ROQUE SAENZ PE�A,90,SERRANO,651,SERRANO,-63.53755650,-34.47105145
14,84,PTE ROQUE SAENZ PE�A,100,VILLA ROSSI,658,VILLA ROSSI,-63.26959470,-34.29719234
14,91,PUNILLA,20,BIALET MASSE,665,BIALET MASSE,-64.48340658,-31.31896647
14,91,PUNILLA,30,CABALANGO,2469,CABALANGO,-64.55925256,-31.38991562
14,91,PUNILLA,40,CAPILLA DEL MONTE,672,CAPILLA DEL MONTE,-64.52586387,-30.85679734
14,91,PUNILLA,50,CASA GRANDE,2476,CASA GRANDE,-64.47837932,-31.15392428
14,91,PUNILLA,60,CHARBONIER,2483,CHARBONIER,-64.54289632,-30.77576737
14,91,PUNILLA,170,QUEBRADA DE LUNA,2483,CHARBONIER,-64.49680751,-30.77656432
14,91,PUNILLA,10,BARRIO SANTA ISABEL,2483,CHARBONIER,-64.54352848,-30.79068641
14,91,PUNILLA,70,COSQUIN,679,COSQUIN,-64.47245239,-31.21888622
14,91,PUNILLA,80,CUESTA BLANCA,2490,CUESTA BLANCA,-64.58374012,-31.47637247
14,91,PUNILLA,90,ESTANCIA VIEJA,2497,ESTANCIA VIEJA,-64.52669121,-31.38690709
14,91,PUNILLA,100,HUERTA GRANDE,686,HUERTA GRANDE,-64.49300087,-31.06988781
14,91,PUNILLA,110,LA CUMBRE,693,LA CUMBRE,-64.49238890,-30.98142700
14,91,PUNILLA,120,LA FALDA,700,LA FALDA,-64.48147060,-31.09391232
14,91,PUNILLA,140,LOS COCOS,707,LOS COCOS,-64.50780259,-30.92584555
14,91,PUNILLA,160,MAYU SUMAJ,2504,MAYU SUMAJ,-64.54359062,-31.47159493
14,91,PUNILLA,180,SAN ANTONIO DE ARREDONDO,2511,SAN ANTONIO DE ARREDONDO,-64.52678234,-31.47111801
14,91,PUNILLA,130,LAS JARILLAS,2511,SAN ANTONIO DE ARREDONDO,-64.54704663,-31.53381495
14,91,PUNILLA,190,SAN ESTEBAN,714,SAN ESTEBAN,-64.53603470,-30.92043078
14,91,PUNILLA,200,SAN ROQUE,2518,SAN ROQUE,-64.45637879,-31.35354902
14,91,PUNILLA,210,SANTA MARIA DE PUNILLA,721,SANTA MARIA DE PUNILLA,-64.46673833,-31.27848169
14,91,PUNILLA,310,VILLA SAN JOSE,721,SANTA MARIA DE PUNILLA,-64.56328374,-31.27911299
14,91,PUNILLA,150,MALLIN,721,SANTA MARIA DE PUNILLA,-64.57470898,-31.29820376
14,91,PUNILLA,220,TALA HUASI,2525,TALA HUASI,-64.56452857,-31.47162108
14,91,PUNILLA,230,TANTI,728,TANTI,-64.57539746,-31.35856747
14,91,PUNILLA,260,VILLA FLOR SERRANA,728,TANTI,-64.60092141,-31.39002685
14,91,PUNILLA,240,VALLE HERMOSO,735,VALLE HERMOSO,-64.47726565,-31.12325275
14,91,PUNILLA,250,VILLA CARLOS PAZ,742,VILLA CARLOS PAZ,-64.50589536,-31.43000307
14,91,PUNILLA,270,VILLA GIARDINO,749,VILLA GIARDINO,-64.49358392,-31.03276459
14,91,PUNILLA,290,VILLA PARQUE SIQUIMAN,2532,VILLA PARQUE SIQUIMAN,-64.48989192,-31.35477543
14,91,PUNILLA,300,VILLA RIO ICHO CRUZ,2546,VILLA RIO ICHO CRUZ,-64.56474247,-31.48093378
14,91,PUNILLA,320,VILLA SANTA CRUZ DEL LAGO,2539,VILLA SANTA CRUZ DEL LAGO,-64.51924310,-31.36745282
14,91,PUNILLA,280,VILLA LAGO AZUL,2539,VILLA SANTA CRUZ DEL LAGO,-64.48150488,-31.37487241
14,98,RIO CUARTO,10,ACHIRAS,756,ACHIRAS,-64.99444930,-33.17775535
14,98,RIO CUARTO,20,ADELIA MARIA,763,ADELIA MARIA,-64.02144326,-33.63234530
14,98,RIO CUARTO,30,ALCIRA GIGENA,770,ALCIRA,-64.33784763,-32.75808531
14,98,RIO CUARTO,310,VILLA SANTA EUGENIA,777,ALPA CORRAL,-64.74156838,-32.66503569
14,98,RIO CUARTO,40,ALPA CORRAL,777,ALPA CORRAL,-64.72163319,-32.69220909
14,98,RIO CUARTO,50,BERROTARAN,784,BERROTARAN,-64.39018663,-32.45043133
14,98,RIO CUARTO,60,BULNES,791,BULNES,-64.67720977,-33.50433560
14,98,RIO CUARTO,70,CHAJAN,798,CHAJAN,-65.00430843,-33.55629599
14,98,RIO CUARTO,80,CHUCUL,2553,CHUCUL,-64.16972113,-33.00958492
14,98,RIO CUARTO,90,CORONEL BAIGORRIA,805,CORONEL BAIGORRIA,-64.35947750,-32.84942949
14,98,RIO CUARTO,100,CORONEL MOLDES,812,CORONEL MOLDES,-64.59870930,-33.62350454
14,98,RIO CUARTO,110,ELENA,819,ELENA,-64.39293487,-32.57307804
14,98,RIO CUARTO,120,LA CAROLINA,2560,LA CAROLINA EL POTOSI,-64.72542758,-33.18669587
14,98,RIO CUARTO,130,LA CAUTIVA,826,LA CAUTIVA,-64.08325148,-33.97956640
14,98,RIO CUARTO,140,LA GILDA,833,LA GILDA,-64.25885822,-33.20766897
14,98,RIO CUARTO,150,LAS ACEQUIAS,833,LAS ACEQUIAS,-63.97656009,-33.28183463
14,98,RIO CUARTO,160,LAS ALBAHACAS,2567,LAS ALBAHACAS,-64.84350571,-32.89113552
14,98,RIO CUARTO,170,LAS HIGUERAS,840,LAS HIGUERAS,-64.28680965,-33.09027128
14,98,RIO CUARTO,180,LAS PE�AS,2574,LAS PE�AS SUD,-64.10414426,-32.53554167
14,98,RIO CUARTO,190,LAS VERTIENTES,847,LAS VERTIENTES,-64.57831275,-33.28196809
14,98,RIO CUARTO,200,MALENA,2414,MALENA,-64.43207687,-33.48950515
14,98,RIO CUARTO,210,MONTE DE LOS GAUCHOS,854,MONTE DE LOS GAUCHOS,-63.88999511,-33.63793463
14,98,RIO CUARTO,220,PASO DEL DURAZNO,2329,PASO DEL DURAZNO,-64.04847224,-33.16922886
14,98,RIO CUARTO,230,RIO CUARTO,861,RIO CUARTO,-64.34872010,-33.12529151
14,98,RIO CUARTO,240,SAMPACHO,868,SAMPACHO,-64.72404044,-33.38542346
14,98,RIO CUARTO,250,SAN BASILIO,875,SAN BASILIO,-64.31624386,-33.49743319
14,98,RIO CUARTO,260,SANTA CATALINA HOLMBERG,882,SANTA CATALINA,-64.43480136,-33.20696938
14,98,RIO CUARTO,270,SUCO,2588,SUCO,-64.83083118,-33.43985404
14,98,RIO CUARTO,280,TOSQUITA,826,TOSQUITA,-64.45793956,-33.81953189
14,98,RIO CUARTO,290,VICU�A MACKENNA,896,VICU�A MACKENNA,-64.39101360,-33.91940131
14,98,RIO CUARTO,300,VILLA EL CHACAY,2595,VILLA EL CHACAY,-64.86758619,-32.89393273
14,98,RIO CUARTO,320,WASHINGTON,2602,WASHINGTON,-64.69020570,-33.87518539
14,105,RIO PRIMERO,10,ATAHONA,2609,ATAHONA,-63.70661585,-30.90335788
14,105,RIO PRIMERO,30,CAPILLA DE LOS REMEDIOS,2623,CAPILLA DE LOS REMEDIOS,-63.83270967,-31.43043609
14,105,RIO PRIMERO,20,CA�ADA DE MACHADO,2616,CA�ADA DE MACHADO,-63.58711467,-31.42920381
14,105,RIO PRIMERO,40,CHALACEA,2630,CHALACEA,-63.56054009,-30.76153470
14,105,RIO PRIMERO,50,COLONIA LAS CUATRO ESQUINAS,2637,COLONIA LAS CUATRO ESQUINAS,-63.22315950,-31.20801773
14,105,RIO PRIMERO,230,PUEBLO COMECHINGONES,2644,COMECHINGONES,-63.60591205,-31.17089639
14,105,RIO PRIMERO,60,DIEGO DE ROJAS,2651,DIEGO DE ROJAS,-63.34007633,-31.02849599
14,105,RIO PRIMERO,80,EL CRISPIN,2658,EL CRISPIN,-63.60596239,-31.01914318
14,105,RIO PRIMERO,90,ESQUINA,2665,ESQUINA,-63.79364927,-31.07780226
14,105,RIO PRIMERO,100,KILOMETRO 658,2672,KILOMETRO 658,-63.53079421,-31.37015918
14,105,RIO PRIMERO,110,LA PARA,903,LA PARA,-63.00106683,-30.89349013
14,105,RIO PRIMERO,120,LA POSTA,2679,LA POSTA,-63.51600905,-30.56610796
14,105,RIO PRIMERO,130,LA PUERTA,910,LA PUERTA,-63.25326763,-30.89356248
14,105,RIO PRIMERO,140,LA QUINTA,2686,LA QUINTA,-63.15167565,-31.06309335
14,105,RIO PRIMERO,150,LAS GRAMILLAS,2693,LAS GRAMILLAS,-63.22838800,-31.13249385
14,105,RIO PRIMERO,160,LAS SALADAS,2700,LAS SALADAS,-63.20349941,-30.76041841
14,105,RIO PRIMERO,170,MAQUINISTA GALLINI,2707,MAQUINISTA GALLINI,-63.53211383,-30.90839677
14,105,RIO PRIMERO,190,MONTECRISTO,917,MONTE CRISTO,-63.94576104,-31.34487394
14,105,RIO PRIMERO,200,OBISPO TREJO,924,OBISPO TREJO,-63.41299631,-30.78116652
14,105,RIO PRIMERO,210,PIQUILLIN,931,PIQUILLIN,-63.75793306,-31.30138639
14,105,RIO PRIMERO,220,PLAZA DE MERCEDES,2714,PLAZA DE MERCEDES,-63.26039585,-30.97811942
14,105,RIO PRIMERO,240,RIO PRIMERO,938,RIO PRIMERO,-63.62186296,-31.33015363
14,105,RIO PRIMERO,250,SAGRADA FAMILIA,2721,SAGRADA FAMILIA,-63.44484051,-31.28873964
14,105,RIO PRIMERO,260,SANTA ROSA DE RIO PRIMERO,945,SANTA ROSA DE RIO PRIMERO,-63.40280048,-31.15203873
14,105,RIO PRIMERO,270,VILLA FONTANA,952,VILLA FONTANA,-63.11592028,-30.89496706
14,105,RIO PRIMERO,180,MONTE DEL ROSARIO,,,-63.60178092,-30.98356173
14,105,RIO PRIMERO,70,EL ALCALDE,,,-63.60088762,-31.11762198
14,112,RIO SECO,10,CERRO COLORADO,2735,CERRO COLORADO,-63.93018073,-30.09724058
14,112,RIO SECO,20,CHA�AR VIEJO,2742,CHA�AR VIEJO,-63.85339573,-29.99894735
14,112,RIO SECO,30,EUFRASIO LOZA,2749,EUFRACIO LOZA,-63.58936485,-29.92491841
14,112,RIO SECO,90,SAN PEDRO DE GUTEMBERG,2756,GUTEMBERG,-63.56006212,-29.69897947
14,112,RIO SECO,40,GUTEMBERG,2756,GUTEMBERG,-63.51508714,-29.72200030
14,112,RIO SECO,50,LA RINCONADA,2763,LA RINCONADA,-62.94585611,-30.18412931
14,112,RIO SECO,60,LOS HOYOS,2770,LOS HOYOS,-63.62603760,-29.80235964
14,112,RIO SECO,70,PUESTO DE CASTRO,2777,PUESTO DE CASTRO,-63.42601362,-30.26991197
14,112,RIO SECO,80,RAYO CORTADO,2784,RAYO CORTADO,-63.82541328,-30.07403367
14,112,RIO SECO,100,SANTA ELENA,2791,SANTA ELENA,-63.84536014,-30.11517730
14,112,RIO SECO,110,SEBASTIAN ELCANO,959,SEBASTIAN ELCANO,-63.59348021,-30.16342917
14,112,RIO SECO,120,VILLA CANDELARIA,2798,VILLA CANDELARIA NORTE,-63.35478636,-29.81636212
14,112,RIO SECO,130,VILLA DE MARIA,966,VILLA DE MARIA,-63.72248509,-29.90300343
14,119,RIO SEGUNDO,10,CALCHIN,973,CALCHIN,-63.19940732,-31.66863916
14,119,RIO SEGUNDO,20,CALCHIN OESTE,980,CALCHIN OESTE,-63.27797443,-31.86241350
14,119,RIO SEGUNDO,30,CAPILLA DEL CARMEN,987,CAPILLA DEL CARMEN,-63.34254559,-31.50832925
14,119,RIO SEGUNDO,40,CARRILOBO,994,CARRILOBO,-63.11650904,-31.87263349
14,119,RIO SEGUNDO,50,COLAZO,1001,COLAZO,-63.38272228,-31.96467949
14,119,RIO SEGUNDO,60,COLONIA VIDELA,2805,COLONIA VIDELA,-63.50458555,-31.91821012
14,119,RIO SEGUNDO,70,COSTASACATE,1008,COSTASACATE,-63.75988735,-31.64808181
14,119,RIO SEGUNDO,80,IMPIRA,2812,IMPIRA,-63.65111203,-31.79758026
14,119,RIO SEGUNDO,90,LAGUNA LARGA,1015,LAGUNA LARGA,-63.80227376,-31.77707061
14,119,RIO SEGUNDO,100,LAS JUNTURAS,1022,LAS JUNTURAS,-63.45050697,-31.83108296
14,119,RIO SEGUNDO,110,LOS CHA�ARITOS,2819,LOS CHA�ARITOS,-63.33083614,-31.40168846
14,119,RIO SEGUNDO,120,LUQUE,1029,LUQUE,-63.34479756,-31.64785783
14,119,RIO SEGUNDO,130,MANFREDI,1036,MANFREDI,-63.74689835,-31.84487820
14,119,RIO SEGUNDO,140,MATORRALES,1043,MATORRALES,-63.51237938,-31.71521812
14,119,RIO SEGUNDO,150,ONCATIVO,1050,ONCATIVO,-63.68367365,-31.91382904
14,119,RIO SEGUNDO,160,PILAR,1057,PILAR,-63.88229985,-31.68092005
14,119,RIO SEGUNDO,170,POZO DEL MOLLE,1064,POZO DEL MOLLE,-62.91991823,-32.02043515
14,119,RIO SEGUNDO,180,RINCON,2826,RINCON,-63.61680981,-31.59584397
14,119,RIO SEGUNDO,190,RIO SEGUNDO,1071,RIO SEGUNDO,-63.91156030,-31.65013279
14,119,RIO SEGUNDO,200,SANTIAGO TEMPLE,1078,SANTIAGO TEMPLE,-63.41820131,-31.38810054
14,119,RIO SEGUNDO,210,VILLA DEL ROSARIO,1085,VILLA DEL ROSARIO,-63.53414367,-31.55499083
14,126,SAN ALBERTO,100,MUSSI,2833,AMBUL,-65.06600029,-31.43531012
14,126,SAN ALBERTO,10,AMBUL,2833,AMBUL,-65.05482464,-31.48973531
14,126,SAN ALBERTO,20,ARROYO LOS PATOS,2840,ARROYO LOS PATOS,-65.00369382,-31.76288923
14,126,SAN ALBERTO,50,LAS CALLES,2847,LAS CALLES,-64.97332471,-31.82351925
14,126,SAN ALBERTO,30,EL HUAYCO,2847,LAS CALLES,-64.95752087,-31.84621538
14,126,SAN ALBERTO,70,LAS RABONAS,2854,LAS RABONAS,-64.97989530,-31.86045983
14,126,SAN ALBERTO,90,MINA CLAVERO,1092,MINA CLAVERO,-65.00551316,-31.72776963
14,126,SAN ALBERTO,110,NONO,1099,NONO,-65.00338218,-31.79655967
14,126,SAN ALBERTO,130,SAN HUBERTO,1099,NONO,-64.99226099,-31.83498664
14,126,SAN ALBERTO,190,TASNA,2861,PANAHOLMA,-65.15635152,-31.63094157
14,126,SAN ALBERTO,120,PANAHOLMA,2861,PANAHOLMA,-65.05500033,-31.63288349
14,126,SAN ALBERTO,140,SAN LORENZO,2868,SAN LORENZO,-65.02005224,-31.67083206
14,126,SAN ALBERTO,60,LAS OSCURAS,1106,SAN PEDRO,-65.32543821,-31.65087362
14,126,SAN ALBERTO,40,LA CORTADERA,1106,SAN PEDRO,-65.37329298,-31.66699491
14,126,SAN ALBERTO,80,LOS CALLEJONES,1106,SAN PEDRO,-65.23030547,-31.93568759
14,126,SAN ALBERTO,160,SAN PEDRO,1106,SAN PEDRO,-65.22106079,-31.93599508
14,126,SAN ALBERTO,170,SAN VICENTE,2875,SAN VICENTE,-65.42978736,-31.85258785
14,126,SAN ALBERTO,150,SAN MARTIN,2875,SAN VICENTE,-65.47861735,-31.88503766
14,126,SAN ALBERTO,180,SAUCE ARRIBA,2882,SAUCE ARRIBA,-65.18217347,-31.92469304
14,126,SAN ALBERTO,200,VILLA CURA BROCHERO,1113,VILLA CURA BROCHERO,-65.01908971,-31.70735017
14,126,SAN ALBERTO,210,VILLA SARMIENTO,1120,VILLA SARMIENTO (S.A.),-65.19177321,-31.93764785
14,133,SAN JAVIER,10,CONLARA,2889,CONLARA,-65.22969397,-32.07819038
14,133,SAN JAVIER,60,LA PAZ,1127,LA PAZ,-65.04821135,-32.21746406
14,133,SAN JAVIER,105,LOMA BOLA,1127,LA PAZ,-65.02851211,-32.21893225
14,133,SAN JAVIER,95,LAS CHACRAS,1127,LA PAZ,-65.03409667,-32.24184228
14,133,SAN JAVIER,155,QUEBRACHO LADEADO,1127,LA PAZ,-65.03092276,-32.25709639
14,133,SAN JAVIER,30,CRUZ CA�A,1127,LA PAZ,-65.02466723,-32.28200801
14,133,SAN JAVIER,80,LA RAMADA,1127,LA PAZ,-65.03180567,-32.29466184
14,133,SAN JAVIER,70,LA POBLACION,2896,LA POBLACION,-65.02707935,-32.06508096
14,133,SAN JAVIER,100,LAS TAPIAS,2903,LAS TAPIAS,-65.10241792,-31.95242044
14,133,SAN JAVIER,110,LOS CERRILLOS,2910,LOS CERRILLOS,-65.44354589,-31.97463640
14,133,SAN JAVIER,40,DOS ARROYOS,2917,LOS HORNILLOS,-64.98706412,-31.87399812
14,133,SAN JAVIER,50,EL PANTANILLO,2917,LOS HORNILLOS,-64.99099338,-31.88545198
14,133,SAN JAVIER,120,LOS HORNILLOS,2917,LOS HORNILLOS,-64.98877881,-31.90180705
14,133,SAN JAVIER,90,LA TRAVESIA,2924,LUYABA,-65.04442653,-32.11372762
14,133,SAN JAVIER,150,LUYABA,2924,LUYABA,-65.05791004,-32.14922457
14,133,SAN JAVIER,170,SAN JAVIER Y YACANTO,1134,SAN JAVIER Y YACANTO,-65.02937614,-32.02449724
14,133,SAN JAVIER,180,SAN JOSE,1141,SAN JOSE,-65.31535983,-31.95785175
14,133,SAN JAVIER,210,VILLA LA VI�A,1148,VILLA DE LAS ROSAS,-65.03709460,-31.87270797
14,133,SAN JAVIER,160,QUEBRADA DE LOS POZOS,1148,VILLA DE LAS ROSAS,-65.03635814,-31.91517683
14,133,SAN JAVIER,190,VILLA DE LAS ROSAS,1148,VILLA DE LAS ROSAS,-65.05043872,-31.95005957
14,133,SAN JAVIER,130,LOS MOLLES,1148,VILLA DE LAS ROSAS,-65.02980709,-31.96247434
14,133,SAN JAVIER,200,VILLA DOLORES,1155,VILLA DOLORES,-65.18826302,-31.94608483
14,140,SAN JUSTO,10,ALICIA,1162,ALICIA,-62.46580049,-31.93974206
14,140,SAN JUSTO,20,ALTOS DE CHIPION,1169,ALTOS DE CHIPION,-62.33789675,-30.95731339
14,140,SAN JUSTO,190,EL FUERTECITO,1176,ARROYITO,-62.97336441,-31.40491029
14,140,SAN JUSTO,30,ARROYITO,1176,ARROYITO,-63.05034562,-31.42036630
14,140,SAN JUSTO,40,BALNEARIA,1183,BALNEARIA,-62.66668818,-31.01083168
14,140,SAN JUSTO,50,BRINKMANN,1190,BRINKMANN,-62.03566287,-30.86747959
14,140,SAN JUSTO,60,COLONIA ANITA,2931,COLONIA ANITA,-62.23426409,-31.12000320
14,140,SAN JUSTO,215,COLONIA ITURRASPE,2938,COLONIA ITURRASPE,-62.11055226,-31.20792047
14,140,SAN JUSTO,80,COLONIA LAS PICHANAS,2945,COLONIA LAS PICHANAS,-62.92590493,-31.24574458
14,140,SAN JUSTO,90,COLONIA MARINA,1197,COLONIA MARINA,-62.36359309,-31.24920774
14,140,SAN JUSTO,130,COLONIA SANTA MARIA,1204,COLONIA PROSPERIDAD,-62.42789359,-31.60675116
14,140,SAN JUSTO,100,COLONIA PROSPERIDAD,1204,COLONIA PROSPERIDAD,-62.36636981,-31.63147809
14,140,SAN JUSTO,110,COLONIA SAN BARTOLOME,1211,COLONIA SAN BARTOLOME,-62.72373263,-31.52799898
14,140,SAN JUSTO,120,COLONIA SAN PEDRO,2952,COLONIA SAN PEDRO,-61.91723048,-30.78275533
14,140,SAN JUSTO,140,COLONIA VALTELINA,2959,COLONIA VALTELINA,-62.23544349,-31.05315307
14,140,SAN JUSTO,150,COLONIA VIGNAUD,1218,COLONIA VIGNAUD,-61.95635010,-30.84208603
14,140,SAN JUSTO,160,DEVOTO,1225,DEVOTO,-62.30614677,-31.40495635
14,140,SAN JUSTO,170,EL ARA�ADO,1232,EL ARA�ADO,-62.89387779,-31.74151688
14,140,SAN JUSTO,180,EL FORTIN,1239,EL FORTIN,-62.30074250,-31.96926685
14,140,SAN JUSTO,200,EL TIO,1246,EL TIO,-62.82865550,-31.38451682
14,140,SAN JUSTO,220,FREYRE,1253,FREYRE,-62.09761034,-31.16537151
14,140,SAN JUSTO,230,LA FRANCIA,1260,LA FRANCIA,-62.63256872,-31.40693874
14,140,SAN JUSTO,240,LA PAQUITA,1267,LA PAQUITA,-62.21504550,-30.90736677
14,140,SAN JUSTO,250,LA TORDILLA,1274,LA TORDILLA,-63.06120255,-31.24203913
14,140,SAN JUSTO,260,LAS VARAS,1281,LAS VARAS,-62.61571153,-31.80274650
14,140,SAN JUSTO,270,LAS VARILLAS,1288,LAS VARILLAS,-62.71845957,-31.87380633
14,140,SAN JUSTO,280,MARULL,1295,MARULL,-62.82584333,-30.99548467
14,140,SAN JUSTO,290,MIRAMAR,1302,MIRAMAR,-62.67491954,-30.91547315
14,140,SAN JUSTO,300,MORTEROS,1309,MORTEROS,-62.00445485,-30.71165665
14,140,SAN JUSTO,310,PLAZA LUXARDO,2966,PLAZA LUXARDO,-62.22882300,-31.30195039
14,140,SAN JUSTO,210,ESTACION LUXARDO,2966,PLAZA LUXARDO,-62.13275607,-31.30547321
14,140,SAN JUSTO,330,PORTE�A,1316,PORTE�A,-62.06334009,-31.01488396
14,140,SAN JUSTO,340,QUEBRACHO HERRADO,1323,QUEBRACHO HERRADO,-62.22573886,-31.55057868
14,140,SAN JUSTO,350,SACANTA,1330,SACANTA,-63.04532043,-31.66428756
14,140,SAN JUSTO,320,PLAZA SAN FRANCISCO,1337,SAN FRANCISCO,-62.09805115,-31.37077943
14,140,SAN JUSTO,360,SAN FRANCISCO,1337,SAN FRANCISCO,-62.08664419,-31.42858413
14,140,SAN JUSTO,370,SATURNINO MARIA LASPIUR,1344,SATURNINO MARIA LASPIUR,-62.48315086,-31.70324836
14,140,SAN JUSTO,380,SEEBER,1351,SEEBER,-61.97402681,-30.92466046
14,140,SAN JUSTO,390,TORO PUJIO,2973,TORO PUJIO,-62.98615185,-31.10964711
14,140,SAN JUSTO,400,TRANSITO,1358,TRANSITO,-63.19539938,-31.42608508
14,140,SAN JUSTO,430,VILLA DEL TRANSITO,1358,TRANSITO,-63.19400962,-31.44837759
14,140,SAN JUSTO,420,VILLA CONCEPCION DEL TIO,1365,VILLA CONCEPCION DEL TIO,-62.81448053,-31.32136161
14,140,SAN JUSTO,440,VILLA SAN ESTEBAN,2980,VILLA SAN ESTEBAN,-62.89660781,-31.63417348
14,140,SAN JUSTO,70,COLONIA 10 DE JULIO,,,-62.11331158,-30.52667373
14,147,SANTA MARIA,95,EL POTRERILLO,1372,ALTA GRACIA,-64.48168573,-31.64555780
14,147,SANTA MARIA,10,ALTA GRACIA,1372,ALTA GRACIA,-64.42880601,-31.65866369
14,147,SANTA MARIA,20,ANISACATE,2987,ANISACATE,-64.41182480,-31.72062959
14,147,SANTA MARIA,70,COSTA AZUL,2987,ANISACATE,-64.39445796,-31.72717418
14,147,SANTA MARIA,60,CASEROS CENTRO,2994,BOUWER,-64.15917233,-31.53077506
14,147,SANTA MARIA,50,BOUWER,2994,BOUWER,-64.19482072,-31.55774834
14,147,SANTA MARIA,80,DESPE�ADEROS,1379,DESPE�ADEROS,-64.29259445,-31.81511103
14,147,SANTA MARIA,90,DIQUE CHICO,3001,DIQUE CHICO,-64.36525998,-31.74507574
14,147,SANTA MARIA,110,FALDA DEL CARMEN,3008,FALDA DEL CARMEN,-64.46261324,-31.58661200
14,147,SANTA MARIA,150,LA PAISANITA,3022,LA PAISANITA,-64.48002302,-31.72085054
14,147,SANTA MARIA,170,LA RANCHERITA Y LAS CASCADAS,3029,LA RANCHERITA,-64.45946756,-31.75465751
14,147,SANTA MARIA,180,LA SERRANITA,3036,LA SERRANITA,-64.45597321,-31.73515183
14,147,SANTA MARIA,190,LOS CEDROS,3043,LOS CEDROS,-64.28147440,-31.52653976
14,147,SANTA MARIA,200,LOZADA,1386,LOZADA,-64.08620316,-31.64809954
14,147,SANTA MARIA,260,SAN NICOLAS - TIERRA ALTA,1393,MALAGUE�O,-64.45281702,-31.43703943
14,147,SANTA MARIA,30,BARRIO GILBERT (1� DE MAYO) - TEJAS TRES,1393,MALAGUE�O,-64.31644673,-31.44003363
14,147,SANTA MARIA,160,LA PERLA,1393,MALAGUE�O,-64.34801693,-31.44228105
14,147,SANTA MARIA,380,YOCSINA,1393,MALAGUE�O,-64.36987604,-31.44516079
14,147,SANTA MARIA,217,MILENICA,1393,MALAGUE�O,-64.40365684,-31.45656233
14,147,SANTA MARIA,370,VILLA SIERRAS DE ORO,1393,MALAGUE�O,-64.41910575,-31.45958465
14,147,SANTA MARIA,65,CAUSANA,1393,MALAGUE�O,-64.40592330,-31.46294886
14,147,SANTA MARIA,210,MALAGUE�O,1393,MALAGUE�O,-64.35578286,-31.46301621
14,147,SANTA MARIA,100,FALDA DEL CA�ETE,1393,MALAGUE�O,-64.45565128,-31.54326049
14,147,SANTA MARIA,220,MONTE RALO,1400,MONTE RALO,-64.23773014,-31.91232091
14,147,SANTA MARIA,230,POTRERO DE GARAY,3050,POTRERO DE GARAY,-64.54416649,-31.78759183
14,147,SANTA MARIA,240,RAFAEL GARCIA,3057,RAFAEL GARCIA,-64.25853167,-31.64676676
14,147,SANTA MARIA,250,SAN CLEMENTE,3064,SAN CLEMENTE,-64.62490047,-31.71560463
14,147,SANTA MARIA,130,LA CARBONADA,1407,TOLEDO,-64.07860897,-31.52968356
14,147,SANTA MARIA,280,TOLEDO,1407,TOLEDO,-64.00804349,-31.55707466
14,147,SANTA MARIA,300,VALLE DE ANISACATE,3071,VALLE DE ANISACATE,-64.41851465,-31.73432382
14,147,SANTA MARIA,310,VILLA CIUDAD DE AMERICA,3078,VILLA CIUDAD DE AMERICA,-64.51224995,-31.79547099
14,147,SANTA MARIA,290,VALLE ALEGRE,3085,VILLA DEL PRADO,-64.43960623,-31.61219344
14,147,SANTA MARIA,320,VILLA DEL PRADO,3085,VILLA DEL PRADO,-64.38754874,-31.61847272
14,147,SANTA MARIA,330,VILLA LA BOLSA,3092,VILLA LA BOLSA,-64.42858587,-31.72861879
14,147,SANTA MARIA,340,VILLA LOS AROMOS,3099,VILLA LOS AROMOS,-64.43803347,-31.73484912
14,147,SANTA MARIA,55,CAMPOS DEL VIRREY,3106,VILLA PARQUE SANTA ANA,-64.34317823,-31.58637865
14,147,SANTA MARIA,350,VILLA PARQUE SANTA ANA,3106,VILLA PARQUE SANTA ANA,-64.34706789,-31.59218535
14,147,SANTA MARIA,115,JOSE DE LA QUINTANA,3113,VILLA SAN ISIDRO,-64.41442835,-31.80327875
14,147,SANTA MARIA,360,VILLA SAN ISIDRO,3113,VILLA SAN ISIDRO,-64.38508942,-31.82513234
14,147,SANTA MARIA,120,BOCA DEL RIO,3113,VILLA SAN ISIDRO,-64.43697044,-31.84019444
14,147,SANTA MARIA,270,SOCAVONES,,,-64.14357319,-31.53097677
14,154,SOBREMONTE,10,CAMINIAGA,3120,CAMINIAGA,-64.05077284,-30.06748875
14,154,SOBREMONTE,30,CHU�A HUASI,3127,CHU�A HUASI,-64.11356174,-29.93544896
14,154,SOBREMONTE,40,POZO NUEVO,3134,POZO NUEVO,-64.10298148,-29.57784192
14,154,SOBREMONTE,50,SAN FRANCISCO DEL CHA�AR,1414,SAN FRANCISCO DEL CHA�AR,-63.94322859,-29.78758061
14,161,TERCERO ARRIBA,10,ALMAFUERTE,1421,ALMAFUERTE,-64.25496578,-32.19167783
14,161,TERCERO ARRIBA,20,COLONIA ALMADA,1428,COLONIA ALMADA,-63.86419915,-32.03382953
14,161,TERCERO ARRIBA,30,CORRALITO,1435,CORRALITO,-64.19314529,-32.02625523
14,161,TERCERO ARRIBA,40,DALMACIO VELEZ,1442,DALMACIO VELEZ,-63.58161593,-32.61128751
14,161,TERCERO ARRIBA,50,GENERAL FOTHERINGHAM,3141,GENERAL FOTHERINGHAM,-63.86838532,-32.32227021
14,161,TERCERO ARRIBA,60,HERNANDO,1449,HERNANDO,-63.73185151,-32.42555462
14,161,TERCERO ARRIBA,70,JAMES CRAIK,1456,JAMES CRAIK,-63.46577566,-32.16178581
14,161,TERCERO ARRIBA,80,LAS ISLETILLAS,3148,LAS ISLETILLAS,-63.93026971,-32.51015796
14,161,TERCERO ARRIBA,90,LAS PERDICES,1463,LAS PERDICES,-63.70614632,-32.69893654
14,161,TERCERO ARRIBA,100,LOS ZORROS,1470,LOS ZORROS,-63.20140512,-32.04490859
14,161,TERCERO ARRIBA,110,OLIVA,1477,OLIVA,-63.56895845,-32.03886358
14,161,TERCERO ARRIBA,120,PAMPAYASTA NORTE,3155,PAMPAYASTA NORTE,-63.64312961,-32.24078813
14,161,TERCERO ARRIBA,130,PAMPAYASTA SUR,1484,PAMPAYASTA SUR,-63.64688118,-32.25237465
14,161,TERCERO ARRIBA,140,PUNTA DEL AGUA,3162,PUNTA DEL AGUA,-63.81015129,-32.57643727
14,161,TERCERO ARRIBA,150,RIO TERCERO,1491,RIO TERCERO,-64.12652927,-32.17008652
14,161,TERCERO ARRIBA,160,TANCACHA,1498,TANCACHA,-63.97952997,-32.24071615
14,161,TERCERO ARRIBA,170,VILLA ASCASUBI,1505,VILLA ASCASUBI,-63.88910659,-32.16360832
14,168,TOTORAL,10,CANDELARIA SUR,3169,CANDELARIA SUD,-63.80096935,-30.83877898
14,168,TOTORAL,30,CAPILLA DE SITON,3176,CAPILLA DE SITON,-63.65206744,-30.57339632
14,168,TOTORAL,20,CA�ADA DE LUQUE,1512,CA�ADA DE LUQUE,-63.72471074,-30.73750812
14,168,TOTORAL,80,SANTA CATALINA,3183,LA PAMPA,-64.23462477,-30.87284714
14,168,TOTORAL,40,LA PAMPA,3183,LA PAMPA,-64.27247716,-30.94349550
14,168,TOTORAL,60,LAS PE�AS,1519,LAS PE�AS,-63.99961870,-30.56281573
14,168,TOTORAL,70,LOS MISTOLES,3109,LOS MISTOLES,-63.88671914,-30.62692212
14,168,TOTORAL,90,SARMIENTO,1526,SARMIENTO,-64.11093815,-30.77540988
14,168,TOTORAL,100,SIMBOLAR,3197,SIMBOLAR,-63.98502879,-30.47620075
14,168,TOTORAL,110,SINSACATE,1533,SINSACATE,-64.08518821,-30.94417368
14,168,TOTORAL,120,VILLA DEL TOTORAL,1540,VILLA DEL TOTORAL,-64.06779076,-30.70473737
14,175,TULUMBA,20,CHURQUI CA�ADA,3204,CHURQUI CA�ADA,-63.92664353,-30.16978410
14,175,TULUMBA,30,EL RODEO,3211,EL RODEO,-63.86493178,-30.17609140
14,175,TULUMBA,50,LAS ARRIAS,1547,LAS ARRIAS,-63.59503683,-30.37893331
14,175,TULUMBA,40,EL TUSCAL,1554,LUCIO VICTORIO MANSILLA,-64.52673256,-29.76327616
14,175,TULUMBA,60,LUCIO V MANSILLA,1554,LUCIO VICTORIO MANSILLA,-64.70744199,-29.80504342
14,175,TULUMBA,70,ROSARIO DEL SALADILLO,3218,ROSARIO DEL SALADILLO,-63.47378502,-30.43119305
14,175,TULUMBA,80,SAN JOSE DE LA DORMIDA,1561,SAN JOSE DE LA DORMIDA,-63.94970306,-30.35513398
14,175,TULUMBA,90,SAN JOSE DE LAS SALINAS,1568,SAN JOSE DE LAS SALINAS,-64.62439529,-30.00907368
14,175,TULUMBA,100,SAN PEDRO NORTE,1575,SAN PEDRO NORTE,-64.15426747,-30.09030218
14,175,TULUMBA,110,VILLA TULUMBA,1582,VILLA TULUMBA,-64.12259922,-30.39607509
14,182,UNION,10,ALDEA SANTA MARIA,3225,ALDEA SANTA MARIA,-62.91433259,-33.69848061
14,182,UNION,20,ALTO ALEGRE,1589,ALTO ALEGRE,-62.88468381,-32.34603155
14,182,UNION,30,ANA ZUMARAN,3232,ANA ZUMARAN,-63.05590607,-32.39128609
14,182,UNION,40,BALLESTEROS,1596,BALLESTEROS,-62.98330113,-32.54639097
14,182,UNION,50,BALLESTEROS SUD,1603,BALLESTEROS SUD,-63.02703884,-32.58960954
14,182,UNION,60,BELL VILLE,1610,BELL VILLE,-62.68911563,-32.62957567
14,182,UNION,70,BENJAMIN GOULD,1617,BENJAMIN GOULD,-62.72974482,-33.59092011
14,182,UNION,80,CANALS,1624,CANALS,-62.88559551,-33.56342181
14,182,UNION,90,CHILIBROSTE,1631,CHILIBROSTE,-62.51360539,-32.33360465
14,182,UNION,100,CINTRA,1638,CINTRA,-62.65311903,-32.30915402
14,182,UNION,110,COLONIA BISMARCK,1645,COLONIA BISMARCK,-62.71502550,-33.30068936
14,182,UNION,120,COLONIA BREMEN,3239,COLONIA BREMEN,-62.73145916,-33.46445735
14,182,UNION,130,IDIAZABAL,1652,IDIAZABAL,-63.03291025,-32.81416346
14,182,UNION,140,JUSTINIANO POSSE,1659,JUSTINIANO POSSE,-62.68027744,-32.88460559
14,182,UNION,150,LABORDE,1666,LABORDE,-62.85598424,-33.15346133
14,182,UNION,160,MONTE LE�A,1673,MONTE LE�A,-62.59034789,-32.61230386
14,182,UNION,170,MONTE MAIZ,1680,MONTE MAIZ,-62.60092766,-33.20608526
14,182,UNION,180,MORRISON,1687,MORRISON,-62.83601100,-32.59465885
14,182,UNION,190,NOETINGER,1694,NOETINGER,-62.31033737,-32.36722974
14,182,UNION,200,ORDO�EZ,1701,ORDO�EZ,-62.86586231,-32.84113425
14,182,UNION,210,PASCANAS,1708,PASCANAS,-63.04104748,-33.12582306
14,182,UNION,220,PUEBLO ITALIANO,1715,PUEBLO ITALIANO,-62.84057234,-33.88097596
14,182,UNION,240,SAN ANTONIO DE LITIN,1722,SAN ANTONIO DE LITIN,-62.63300902,-32.21386067
14,182,UNION,250,SAN MARCOS,1729,SAN MARCOS SUD,-62.48197721,-32.63134015
14,182,UNION,270,VIAMONTE,1736,VIAMONTE,-63.09890823,-33.74811505
14,182,UNION,280,VILLA LOS PATOS,3246,VILLA LOS PATOS,-62.72874192,-32.76646122
14,182,UNION,290,WENCESLAO ESCALANTE,1743,WENCESLAO ESCALANTE,-62.77000219,-33.17305310
14,182,UNION,230,RAMON J CARCANO,,,-63.10181868,-32.49245538
14,182,UNION,260,SAN SEVERO,,,-63.04760499,-33.53904748